state,district,year,annual_rainfall_mm
Andaman & Nicobar Islands,Havelock,2019,1194.8
Andaman & Nicobar Islands,Havelock,2021,1138.1
Andaman & Nicobar Islands,Havelock Island,2021,1114.3
Andaman & Nicobar Islands,Long Island,2019,1221.9
Andaman & Nicobar Islands,Long Island,2021,1051.5
Andaman & Nicobar Islands,N&M Andaman,2019,1168.4
Andaman & Nicobar Islands,N&M Andaman,2021,1040.9
Andaman & Nicobar Islands,Neil Island,2019,1254.3
Andaman & Nicobar Islands,Neil Island,2021,1100.0
Andaman & Nicobar Islands,North & Middle Andaman,2023,1055.5
Andaman & Nicobar Islands,Ross Island,2019,1152.0
Andaman & Nicobar Islands,Ross Island,2021,1140.2
Andaman & Nicobar Islands,South Andaman,2019,3427.6
Andaman & Nicobar Islands,South Andaman,2021,2899.7
Andaman & Nicobar Islands,South Andaman,2023,2744.6
Andhra Pradesh,ANANTAPUR,2022,521.3
Andhra Pradesh,ANANTHAPUR,2019,1019.2
Andhra Pradesh,Agar Malwa,2019,1042.2
Andhra Pradesh,Alirajpur,2019,1032.5
Andhra Pradesh,Alluri Sita Rama Raju,2023,869.8
Andhra Pradesh,Alluri Sita Rama Raju P,2023,898.3
Andhra Pradesh,Anakapalli,2023,856.3
Andhra Pradesh,Anakapalli K,2023,869.9
Andhra Pradesh,Ananthapur,2023,876.5
Andhra Pradesh,Annamayya,2023,884.5
Andhra Pradesh,Annamayya B,2023,913.7
Andhra Pradesh,Annamayya K,2023,861.7
Andhra Pradesh,Annamayya M,2023,889.6
Andhra Pradesh,Anuppur,2019,1049.2
Andhra Pradesh,Bapatla,2023,848.1
Andhra Pradesh,CHITTOOR,2019,998.6
Andhra Pradesh,CHITTOOR,2022,816.5
Andhra Pradesh,Chittoor,2023,807.6
Andhra Pradesh,Chittoor T,2023,928.2
Andhra Pradesh,Chittoor VS,2023,929.7
Andhra Pradesh,EAST GODAVARI,2019,1254.1
Andhra Pradesh,EAST GODAVARI,2022,1019.3
Andhra Pradesh,East Godavari,2022,997.8
Andhra Pradesh,East Godavari,2023,1058.8
Andhra Pradesh,Eluru,2023,883.1
Andhra Pradesh,GUNTUR,2019,922.4
Andhra Pradesh,GUNTUR,2022,818.8
Andhra Pradesh,Guntur,2022,781.1
Andhra Pradesh,Guntur,2023,852.7
Andhra Pradesh,KADAPA,2019,1014.5
Andhra Pradesh,KADAPA,2022,902.8
Andhra Pradesh,KRISHNA,2019,1108.5
Andhra Pradesh,KRISHNA,2022,967.4
Andhra Pradesh,KURNOOL,2019,751.1
Andhra Pradesh,KURNOOL,2022,618.7
Andhra Pradesh,Kadapa,2022,930.1
Andhra Pradesh,Kadapa T,2022,912.8
Andhra Pradesh,Kakinada,2023,927.4
Andhra Pradesh,Konaseema,2023,923.4
Andhra Pradesh,Krishna,2022,974.9
Andhra Pradesh,Krishna,2023,1006.2
Andhra Pradesh,Kurnool,2022,612.5
Andhra Pradesh,Kurnool,2023,619.4
Andhra Pradesh,NELLORE,2019,1146.2
Andhra Pradesh,NELLORE,2022,1008.2
Andhra Pradesh,Nandyal,2023,878.5
Andhra Pradesh,Nandyal G,2023,868.1
Andhra Pradesh,Nellore,2022,1059.8
Andhra Pradesh,Nellore,2023,1011.4
Andhra Pradesh,Ntr,2023,868.9
Andhra Pradesh,Ntr A,2023,892.2
Andhra Pradesh,PRAKASAM,2019,854.7
Andhra Pradesh,PRAKASAM,2022,780.4
Andhra Pradesh,PRAKASAM H,2022,850.6
Andhra Pradesh,PRAKASAM P,2022,931.6
Andhra Pradesh,Palnadu,2023,912.6
Andhra Pradesh,Palnadu A,2023,861.6
Andhra Pradesh,Parvathipuram Manyam,2023,844.4
Andhra Pradesh,Prakasham,2023,916.4
Andhra Pradesh,Prakasham P,2023,906.7
Andhra Pradesh,Prakasham R,2023,908.7
Andhra Pradesh,SRIKAKULAM,2019,1316.5
Andhra Pradesh,SRIKAKULAM,2022,1048.6
Andhra Pradesh,Sri Satya Sai,2023,875.8
Andhra Pradesh,Sri Satya Sai AIi,2023,854.2
Andhra Pradesh,Srikakulam,2022,1135.1
Andhra Pradesh,Srikakulam,2023,1108.8
Andhra Pradesh,Tirupathi,2023,873.3
Andhra Pradesh,VISAKAPATNAM,2019,994.2
Andhra Pradesh,VISAKHAPATNAM,2022,1033.5
Andhra Pradesh,VIZIANAGARAM,2019,1232.5
Andhra Pradesh,VIZIANAGARAM,2022,1096.6
Andhra Pradesh,Vidisha,2019,1209.7
Andhra Pradesh,Visakhapatnam,2021,1152.5
Andhra Pradesh,Visakhapatnam,2023,1050.5
Andhra Pradesh,Vizianagaram,2023,1031.2
Andhra Pradesh,WEST GODAVARI,2019,1303.7
Andhra Pradesh,WEST GODAVARI,2022,1119.2
Andhra Pradesh,West Godavari,2022,1097.5
Andhra Pradesh,West Godavari,2023,1120.3
Andhra Pradesh,Ysr Kadapa,2023,887.8
Arunachal Pradesh,Changlang,2019,3907.2
Arunachal Pradesh,Changlang,2020,3834.9
Arunachal Pradesh,Changlang,2021,3342.0
Arunachal Pradesh,Changlang,2022,3200.6
Arunachal Pradesh,Changlang,2023,3175.2
Arunachal Pradesh,Dibrugarh,2020,2824.7
Arunachal Pradesh,EAST SIANG,2021,3920.2
Arunachal Pradesh,East Siang,2022,3795.9
Arunachal Pradesh,East Siang,2023,3947.2
Arunachal Pradesh,LOHIT,2019,3264.2
Arunachal Pradesh,LOWER SUBANSIRI,2021,2872.1
Arunachal Pradesh,Lohit,2021,3090.4
Arunachal Pradesh,Lohit,2022,2783.6
Arunachal Pradesh,Lohit,2023,2740.1
Arunachal Pradesh,Lower Subansiri,2022,2693.9
Arunachal Pradesh,PAPUMPARE,2021,2799.9
Arunachal Pradesh,Papumpare,2022,2870.0
Arunachal Pradesh,Papumpare,2023,2836.5
Arunachal Pradesh,TINSUKIA,2019,2770.3
Arunachal Pradesh,Tinsukia,2020,2809.6
Arunachal Pradesh,Tirap,2019,4048.0
Arunachal Pradesh,Tirap,2020,3770.9
Arunachal Pradesh,Tirap,2021,3674.6
Arunachal Pradesh,Tirap,2022,3370.4
Arunachal Pradesh,Tirap,2023,3460.4
Assam,Baksa,2019,2806.7
Assam,Baksa,2021,2385.6
Assam,Baksa,2022,2217.1
Assam,Baksa,2023,2244.3
Assam,Barpeta,2020,3543.3
Assam,Barpeta,2021,3344.9
Assam,Barpeta,2022,3189.2
Assam,Biswanath,2019,2566.7
Assam,Biswanath,2020,2678.1
Assam,Biswanath,2021,2409.7
Assam,Biswanath,2022,2243.0
Assam,Biswanath,2023,2219.4
Assam,Bongaigaon,2020,3451.4
Assam,Bongaigaon,2021,3327.6
Assam,Bongaigaon,2022,2972.1
Assam,Bongaigaon,2023,3031.3
Assam,Cachar,2021,3029.5
Assam,Cachar,2023,2780.8
Assam,Chirang,2020,2801.5
Assam,Chirang,2021,2542.2
Assam,Chirang,2022,2249.8
Assam,DHEMAJI,2021,2429.1
Assam,DHEMAJI,2022,2261.2
Assam,DIBRUGARH,2019,2751.8
Assam,DIBRUGARH,2022,2291.9
Assam,Darrang,2019,2177.2
Assam,Darrang,2020,2134.6
Assam,Darrang,2021,1851.3
Assam,Darrang,2022,1799.6
Assam,Darrang,2023,1915.5
Assam,Dhalai,2019,2691.9
Assam,Dhalai,2020,2641.5
Assam,Dhemaji,2020,2672.4
Assam,Dhemaji,2022,2419.1
Assam,Dhemaji,2023,2247.6
Assam,Dhubri,2019,3024.0
Assam,Dhubri,2020,3022.9
Assam,Dhubri,2021,2605.4
Assam,Dhubri,2022,2598.4
Assam,Dhubri,2023,2506.9
Assam,Dibrugarh,2019,2849.5
Assam,Dibrugarh,2020,2823.9
Assam,Dibrugarh,2021,2540.1
Assam,Dibrugarh,2022,2304.7
Assam,Dibrugarh,2023,2483.8
Assam,Dimapur,2020,1397.9
Assam,East Garo Hills,2019,2615.2
Assam,East Garo Hills,2020,2552.4
Assam,East Kaarbi-Anglong,2021,2451.9
Assam,East Karbi Anglong,2023,2348.1
Assam,East Siang,2020,4185.2
Assam,Goalpara,2019,2836.3
Assam,Goalpara,2020,2730.3
Assam,Goalpara,2021,2586.6
Assam,Goalpara,2023,2342.0
Assam,Golaghat,2019,1884.1
Assam,Golaghat,2020,1811.2
Assam,Golaghat,2021,1736.6
Assam,Golaghat,2023,1522.6
Assam,Hailakandi,2019,2863.9
Assam,Hailakandi,2021,2517.9
Assam,Hailakandi,2022,2592.5
Assam,Hailakandi,2023,2580.7
Assam,Hojai,2019,2634.4
Assam,Hojai,2022,2344.0
Assam,Hojai,2023,2380.3
Assam,Jorhat,2019,2303.9
Assam,Jorhat,2020,2277.2
Assam,Jorhat,2022,1907.5
Assam,Jorhat,2023,1878.3
Assam,Kamrup,2020,2055.1
Assam,Kamrup,2021,1867.2
Assam,Kamrup,2022,1727.3
Assam,Kamrup,2023,1677.2
Assam,Kamrup (M),2019,2659.1
Assam,Kamrup (M),2021,2484.7
Assam,Kamrup Metro,2021,2526.3
Assam,Karbi Anglong,2019,1532.2
Assam,Karbi Anglong,2020,1502.6
Assam,Karbi Anglong,2021,1346.4
Assam,Karbi Anglong,2022,1208.1
Assam,Karimganj,2021,3492.0
Assam,Karimganj,2022,3568.5
Assam,Karimganj,2023,3468.3
Assam,Kokrajhar,2021,3551.2
Assam,Kokrajhar,2022,3404.6
Assam,LAKHIMPUR,2021,2877.0
Assam,Lakhimpur,2019,2989.6
Assam,Lakhimpur,2020,3010.9
Assam,Lakhimpur,2022,2700.8
Assam,Lakhimpur,2023,2739.3
Assam,Lohit,2020,3368.2
Assam,Lower Dibang Valley,2020,2601.5
Assam,Lower Subansiri,2020,2732.0
Assam,Morigaon,2019,1867.5
Assam,Morigaon,2020,1867.2
Assam,Morigaon,2021,1768.6
Assam,Morigaon,2022,1663.4
Assam,Morigaon,2023,1696.1
Assam,Nagaon,2019,1854.9
Assam,Nagaon,2020,1821.9
Assam,Nagaon,2021,1576.7
Assam,Nagaon,2022,1539.9
Assam,Nagaon,2023,1523.9
Assam,Nalbari,2020,2502.9
Assam,Nalbari,2023,2320.0
Assam,North Garo Hills,2019,2670.9
Assam,North Garo Hills,2020,2780.1
Assam,Papumpare,2020,2710.3
Assam,SONITPUR,2021,2501.4
Assam,SW Garo,2020,2676.0
Assam,Sibsagar,2019,2720.6
Assam,Sibsagar,2020,2673.2
Assam,Sibsagar,2022,2236.8
Assam,Sonitpur,2019,2759.9
Assam,Sonitpur,2020,2616.6
Assam,Sonitpur,2022,2197.4
Assam,Sonitpur,2023,2340.7
Assam,TINSUKIA,2019,2645.6
Assam,TINSUKIA,2022,2439.1
Assam,Tezpur,2023,2411.8
Assam,Tinsukia,2020,2821.4
Assam,Tinsukia,2021,2428.5
Assam,Tinsukia,2022,2223.0
Assam,Tinsukia,2023,2436.2
Assam,Udalguri,2019,2680.4
Assam,Udalguri,2021,2543.2
Assam,Udalguri,2022,2414.1
Assam,Udalguri,2023,2388.5
Assam,W. Karbi Anglong,2019,2644.3
Assam,W. Karbi Anglong,2022,2280.6
Assam,West Garo Hills,2020,2769.2
Assam,West Kaarbi-Anglong,2021,2385.3
Assam,West Karbi Anglong,2023,2230.8
Bihar,Araria,2019,1805.6
Bihar,Araria,2022,1601.2
Bihar,Araria,2023,1564.3
Bihar,Arwal,2019,968.6
Bihar,Arwal,2020,914.7
Bihar,Arwal,2021,875.6
Bihar,Arwal,2022,862.2
Bihar,Arwal,2023,792.4
Bihar,Aurangabad,2019,789.3
Bihar,Aurangabad,2021,735.8
Bihar,Aurangabad,2022,689.4
Bihar,Aurangabad,2023,686.5
Bihar,BEGUSARAI,2019,1224.1
Bihar,BHOJPUR,2020,1130.0
Bihar,BUXAR,2020,1041.2
Bihar,Banka,2019,1195.8
Bihar,Banka,2022,1022.0
Bihar,Banka,2023,1027.6
Bihar,Beguasarai,2020,1362.7
Bihar,Begusarai,2019,1201.1
Bihar,Begusarai,2021,1080.0
Bihar,Begusarai,2022,1055.8
Bihar,Begusarai,2023,1040.6
Bihar,Bhabhua,2019,1347.3
Bihar,Bhabhua,2022,1161.9
Bihar,Bhagalpur,2019,1380.5
Bihar,Bhagalpur,2022,1117.0
Bihar,Bhagalpur,2023,1121.3
Bihar,Bhojpur,2019,1109.7
Bihar,Bhojpur,2021,1049.1
Bihar,Bhojpur,2022,942.5
Bihar,Bhojpur,2023,985.0
Bihar,Buxar,2019,1077.5
Bihar,Buxar,2021,945.0
Bihar,Buxar,2022,925.2
Bihar,Buxar,2023,873.8
Bihar,DARBHANGA,2019,1178.8
Bihar,Darbhanga,2021,1148.2
Bihar,Darbhanga,2022,1041.4
Bihar,Darbhanga,2023,1016.8
Bihar,E Champaran,2019,1323.5
Bihar,E Champaran,2022,1159.0
Bihar,E. Champaran,2020,1271.4
Bihar,E. Champaran,2021,1203.2
Bihar,E.Champaran,2019,1265.9
Bihar,East Chamapran,2023,1077.9
Bihar,Gaya,2019,1107.8
Bihar,Gaya,2020,1098.7
Bihar,Gaya,2021,1007.5
Bihar,Gaya,2022,965.0
Bihar,Gaya,2023,988.6
Bihar,Gopalganj,2019,1251.1
Bihar,Gopalganj,2020,1215.8
Bihar,Gopalganj,2022,1098.9
Bihar,Gopalganj,2023,1042.9
Bihar,Jamui,2019,1210.6
Bihar,Jamui,2022,997.0
Bihar,Jamui,2023,991.5
Bihar,Jehanabad,2020,1369.1
Bihar,Jehanabad,2021,1228.5
Bihar,Jehanabad,2022,1150.6
Bihar,Jehanabad,2023,1118.2
Bihar,Jehnabad,2019,1277.5
Bihar,KATIHAR,2020,1413.3
Bihar,Kaimur,2023,1100.3
Bihar,Katihar,2019,1484.2
Bihar,Katihar,2022,1289.2
Bihar,Katihar,2023,1282.4
Bihar,Katihar (Purnea),2019,1291.5
Bihar,Khagaria,2019,1419.0
Bihar,Khagaria,2022,1187.5
Bihar,Khagaria,2023,1166.2
Bihar,Kishangan,2019,1335.4
Bihar,Kishanganj,2019,2281.2
Bihar,Kishanganj,2022,1915.6
Bihar,Kishanganj,2023,1936.9
Bihar,Lakhisarai,2022,1105.8
Bihar,Lakhisarai,2023,1025.6
Bihar,Lakshisarai,2019,1269.9
Bihar,MADHUBANI,2019,1358.0
Bihar,Madhepura,2019,1461.6
Bihar,Madhepura,2022,1355.7
Bihar,Madhepura,2023,1335.8
Bihar,Madhubani,2019,1419.0
Bihar,Madhubani,2022,1166.8
Bihar,Madhubani,2023,1214.7
Bihar,Munger,2019,1258.1
Bihar,Munger,2022,1042.8
Bihar,Munger,2023,1070.9
Bihar,Muzaffarpur,2019,1257.1
Bihar,Muzaffarpur,2020,1273.0
Bihar,Muzaffarpur,2021,1158.4
Bihar,Muzaffarpur,2022,1035.9
Bihar,Muzzafarpur,2023,1114.4
Bihar,NALANDA,2019,1116.3
Bihar,NAWADA,2019,1146.3
Bihar,Nalanda,2019,1141.7
Bihar,Nalanda,2020,1109.7
Bihar,Nalanda,2021,958.7
Bihar,Nalanda,2022,901.6
Bihar,Nalanda,2023,955.5
Bihar,Nawada,2020,1081.8
Bihar,Nawada,2021,1040.2
Bihar,Nawada,2022,1022.4
Bihar,Nawada,2023,986.7
Bihar,PATNA,2019,1169.1
Bihar,PURNIA,2020,1327.4
Bihar,Patna,2019,1177.3
Bihar,Patna,2020,1176.9
Bihar,Patna,2021,1111.0
Bihar,Patna,2022,998.8
Bihar,Patna,2023,1056.9
Bihar,Purnea,2019,1829.3
Bihar,Purnea,2023,1456.6
Bihar,Purnia,2022,1079.9
Bihar,Rohtas,2019,1002.3
Bihar,Rohtas,2022,849.2
Bihar,Rohtas,2023,856.0
Bihar,SAMASTIPUR,2019,1335.5
Bihar,SHEOHAR,2019,1361.4
Bihar,SITAMARHI,2019,1396.7
Bihar,SUPAUL,2019,1449.5
Bihar,Saharsa,2019,1773.4
Bihar,Saharsa,2022,1641.4
Bihar,Saharsa,2023,1556.6
Bihar,Samastipur,2019,1261.5
Bihar,Samastipur,2020,1325.2
Bihar,Samastipur,2022,1135.2
Bihar,Samastipur,2023,1163.1
Bihar,Samstipur,2021,1216.5
Bihar,Saran,2019,1273.7
Bihar,Saran,2020,1198.2
Bihar,Saran,2021,1076.7
Bihar,Saran,2022,1082.8
Bihar,Saran,2023,1088.8
Bihar,Seikhpura,2020,1372.8
Bihar,Seikhpura,2021,1178.2
Bihar,Seikhpura,2023,1114.1
Bihar,Sheikhpura,2022,974.1
Bihar,Sheohar,2022,1196.2
Bihar,Sheohar,2023,1267.9
Bihar,Sitamarhi,2019,1473.4
Bihar,Sitamarhi,2021,1271.1
Bihar,Sitamarhi,2022,1246.0
Bihar,Sitamarhi,2023,1246.5
Bihar,Siwan,2019,1199.4
Bihar,Siwan,2020,1287.4
Bihar,Siwan,2021,1124.6
Bihar,Siwan,2022,1102.1
Bihar,Siwan,2023,1048.1
Bihar,Suapaul,2022,1173.2
Bihar,Supaul,2023,1184.1
Bihar,VAISHALI,2019,1230.8
Bihar,Vaishali,2020,1334.4
Bihar,Vaishali,2021,1117.1
Bihar,Vaishali,2022,1085.9
Bihar,Vaishali,2023,1155.7
Bihar,W Chamaparan,2022,1179.4
Bihar,W Champaran,2019,1330.3
Bihar,W. Champaran,2019,1338.0
Bihar,West Champaran,2023,1376.5
Bihar,kisanganj,2022,1105.2
Bihar,kishanganj,2019,2260.3
Chandigarh,Chandigarh,2019,1198.0
Chandigarh,Chandigarh,2020,1196.4
Chandigarh,Chandigarh,2021,1090.8
Chandigarh,Chandigarh,2022,1035.5
Chandigarh,Chandigarh,2023,965.2
Chhattisgarh,Balod,2019,1209.3
Chhattisgarh,Balod,2020,1146.0
Chhattisgarh,Balod,2021,1094.4
Chhattisgarh,Balod,2022,1028.0
Chhattisgarh,Balod,2023,1074.1
Chhattisgarh,Baloda Bazar,2021,1072.8
Chhattisgarh,Balodabazar,2019,1163.7
Chhattisgarh,Balodabazar,2020,1156.2
Chhattisgarh,Balodabazar,2021,1117.5
Chhattisgarh,Balodabazar,2022,1046.2
Chhattisgarh,Balodabazar,2023,992.8
Chhattisgarh,Balrampur,2019,1315.6
Chhattisgarh,Balrampur,2021,1260.2
Chhattisgarh,Balrampur,2022,1122.9
Chhattisgarh,Balrampur,2023,1210.8
Chhattisgarh,Bastar,2019,1529.8
Chhattisgarh,Bastar,2020,1423.1
Chhattisgarh,Bastar,2021,1293.0
Chhattisgarh,Bastar,2022,1343.2
Chhattisgarh,Bastar,2023,1264.7
Chhattisgarh,Bemetara,2019,1194.3
Chhattisgarh,Bemetara,2020,1236.5
Chhattisgarh,Bemetara,2021,1137.7
Chhattisgarh,Bemetara,2022,1084.3
Chhattisgarh,Bemetara,2023,1060.2
Chhattisgarh,Bemetra,2019,1195.0
Chhattisgarh,Bemetra,2020,1149.1
Chhattisgarh,Bemetra,2021,1119.2
Chhattisgarh,Bilaspur,2019,1359.8
Chhattisgarh,Bilaspur,2020,1329.5
Chhattisgarh,Bilaspur,2021,1266.2
Chhattisgarh,Bilaspur,2022,1110.3
Chhattisgarh,Bilaspur,2023,1154.4
Chhattisgarh,Dhamtari,2019,1222.6
Chhattisgarh,Dhamtari,2020,1269.8
Chhattisgarh,Dhamtari,2021,1105.6
Chhattisgarh,Dhamtari,2022,1056.6
Chhattisgarh,Dhamtari,2023,1056.5
Chhattisgarh,Durg,2019,1253.6
Chhattisgarh,Durg,2020,1254.1
Chhattisgarh,Durg,2021,1120.9
Chhattisgarh,Durg,2022,1104.3
Chhattisgarh,Durg,2023,1042.3
Chhattisgarh,Gariyaband,2021,1065.7
Chhattisgarh,Gariyaband(Fotak para),2021,1129.1
Chhattisgarh,Gariyabandh,2019,1176.6
Chhattisgarh,Gariyabandh,2020,1254.5
Chhattisgarh,Gariyabandh,2021,1035.9
Chhattisgarh,Gariyabandh,2022,1082.6
Chhattisgarh,Gariyabandh,2023,986.8
Chhattisgarh,JANJGIR CHAMPA,2020,1245.9
Chhattisgarh,JANJGIR CHAMPA,2021,1092.0
Chhattisgarh,Jangir-champa,2019,1269.6
Chhattisgarh,Jangir-champa,2020,1147.9
Chhattisgarh,Janjgir Champa,2022,1039.6
Chhattisgarh,Janjgir Champa,2023,1082.5
Chhattisgarh,Janjgir-Champa,2019,1212.8
Chhattisgarh,Janjgir-Champa,2020,1214.5
Chhattisgarh,Janjgir-Champa,2021,1110.3
Chhattisgarh,Jashpur,2019,1691.1
Chhattisgarh,Jashpur,2020,1704.9
Chhattisgarh,Jashpur,2021,1541.8
Chhattisgarh,Jashpur,2022,1510.0
Chhattisgarh,Jashpur,2023,1385.7
Chhattisgarh,KORBA,2020,1477.1
Chhattisgarh,KORBA,2021,1433.4
Chhattisgarh,Kanker,2019,1257.2
Chhattisgarh,Kanker,2020,1193.7
Chhattisgarh,Kanker,2021,1102.1
Chhattisgarh,Kanker,2022,1011.0
Chhattisgarh,Kanker,2023,1001.8
Chhattisgarh,Kawardha,2019,1205.6
Chhattisgarh,Kawardha,2021,1073.0
Chhattisgarh,Kawardha,2022,1042.7
Chhattisgarh,Kawardha,2023,990.3
Chhattisgarh,Kondagaon,2019,1267.4
Chhattisgarh,Kondagaon,2020,1257.3
Chhattisgarh,Kondagaon,2021,1110.6
Chhattisgarh,Kondagaon,2022,1037.7
Chhattisgarh,Kondagaon,2023,1014.3
Chhattisgarh,Korba,2019,1571.9
Chhattisgarh,Korba,2020,1538.1
Chhattisgarh,Korba,2021,1325.4
Chhattisgarh,Korba,2022,1355.9
Chhattisgarh,Korba,2023,1344.4
Chhattisgarh,Koriya,2019,1406.3
Chhattisgarh,Koriya,2021,1238.5
Chhattisgarh,Koriya,2022,1163.0
Chhattisgarh,Koriya,2023,1140.6
Chhattisgarh,Mahasamund,2019,1309.8
Chhattisgarh,Mahasamund,2020,1289.6
Chhattisgarh,Mahasamund,2021,1078.5
Chhattisgarh,Mahasamund,2022,1022.0
Chhattisgarh,Mahasamund,2023,1059.6
Chhattisgarh,Mungeli,2019,1247.6
Chhattisgarh,Mungeli,2020,1257.4
Chhattisgarh,Mungeli,2023,997.9
Chhattisgarh,Raigarh,2019,1410.0
Chhattisgarh,Raigarh,2020,1367.7
Chhattisgarh,Raigarh,2021,1316.3
Chhattisgarh,Raigarh,2022,1234.5
Chhattisgarh,Raigarh,2023,1234.1
Chhattisgarh,Raipur,2019,1277.0
Chhattisgarh,Raipur,2020,1258.6
Chhattisgarh,Raipur,2021,1126.8
Chhattisgarh,Raipur,2022,1046.2
Chhattisgarh,Raipur,2023,1134.7
Chhattisgarh,Rajnandgaon,2019,1371.9
Chhattisgarh,Rajnandgaon,2020,1384.0
Chhattisgarh,Rajnandgaon,2021,1256.7
Chhattisgarh,Rajnandgaon,2022,1143.0
Chhattisgarh,Rajnandgaon,2023,1167.3
Chhattisgarh,Rajnangaon,2021,1137.4
Chhattisgarh,Ranandgaon,2019,1252.3
Chhattisgarh,Ranandgaon,2021,1061.5
Chhattisgarh,Surajpur,2019,1204.0
Chhattisgarh,Surajpur,2021,1048.6
Chhattisgarh,Surajpur,2022,1080.9
Chhattisgarh,Surajpur,2023,1045.0
Chhattisgarh,Surguja,2019,1425.3
Chhattisgarh,Surguja,2021,1341.2
Chhattisgarh,Surguja,2022,1266.8
Chhattisgarh,Surguja,2023,1234.2
Chhattisgarh,balod,2019,1163.2
Chhattisgarh,balod,2021,1107.7
Dadra & Nagar Haveli and Daman & Diu,Dadra And Nagar Haveli,2023,1036.1
Dadra & Nagar Haveli and Daman & Diu,Daman,2019,2682.6
Dadra & Nagar Haveli and Daman & Diu,Daman,2023,2236.2
Dadra & Nagar Haveli and Daman & Diu,Diu,2019,794.0
Dadra & Nagar Haveli and Daman & Diu,Diu,2023,658.9
Dadra & Nagar Haveli and Daman & Diu,HDAAVDELRIA A ANNDD D NAAMGAANR &H,2022,1040.3
Dadra & Nagar Haveli and Daman & Diu,HaveDliadra And Nagar,2019,1255.6
Delhi,CENTRAL,2019,813.9
Delhi,CENTRAL,2020,784.5
Delhi,Central,2021,704.8
Delhi,Central,2023,720.2
Delhi,EAST,2019,831.7
Delhi,EAST,2020,831.0
Delhi,EAST,2021,718.4
Delhi,East,2023,676.7
Delhi,NAZUL LAND,2019,781.9
Delhi,NAZUL LAND,2020,802.2
Delhi,NAZUL LAND,2021,746.3
Delhi,NEW DELHI,2019,813.0
Delhi,NEW DELHI,2020,809.2
Delhi,NEW DELHI,2021,769.5
Delhi,NORTH,2019,809.3
Delhi,NORTH,2020,815.5
Delhi,NORTH,2021,760.6
Delhi,NORTH EAST,2020,805.9
Delhi,NORTH EAST,2021,748.7
Delhi,NORTH WEST,2019,851.6
Delhi,NORTH WEST,2020,850.9
Delhi,NORTH WEST,2021,713.5
Delhi,New Delhi,2021,771.2
Delhi,New Delhi,2023,701.7
Delhi,North,2021,721.7
Delhi,North,2023,699.4
Delhi,North East,2023,736.0
Delhi,North West,2023,701.8
Delhi,SHAHDARA,2019,807.7
Delhi,SHAHDARA,2020,825.2
Delhi,SHAHDARA,2021,720.4
Delhi,SOUTH,2019,787.0
Delhi,SOUTH,2020,784.1
Delhi,SOUTH,2021,712.1
Delhi,SOUTH EAST,2020,786.0
Delhi,SOUTH EAST,2021,712.9
Delhi,SOUTH WEST,2019,833.4
Delhi,SOUTH WEST,2020,788.4
Delhi,SOUTH WEST,2021,728.2
Delhi,Shahdara,2023,730.1
Delhi,South,2021,737.7
Delhi,South,2023,714.0
Delhi,South East,2023,679.3
Delhi,South West,2021,716.9
Delhi,South West,2023,670.0
Delhi,South west,2021,715.1
Delhi,WEST,2019,803.6
Delhi,WEST,2020,788.0
Delhi,WEST,2021,709.2
Delhi,West,2023,675.6
Goa,North Goa,2019,3803.6
Goa,North Goa,2023,3167.3
Goa,South Goa,2019,3348.1
Goa,South Goa,2023,2901.5
Gujarat,AHMEDABAD,2022,613.0
Gujarat,AMRELI,2022,508.7
Gujarat,ANAND,2022,894.9
Gujarat,ARVALLI,2022,880.0
Gujarat,Ahmedabad,2019,674.5
Gujarat,Ahmedabad,2020,723.5
Gujarat,Ahmedabad,2021,660.2
Gujarat,Ahmedabad,2023,575.1
Gujarat,Amreli,2019,610.1
Gujarat,Amreli,2020,637.3
Gujarat,Amreli,2021,575.6
Gujarat,Amreli,2023,516.4
Gujarat,Amreli Lathi,2020,978.2
Gujarat,Amreli Lilia,2020,994.5
Gujarat,Anand,2019,1015.2
Gujarat,Anand,2020,1019.4
Gujarat,Anand,2021,903.1
Gujarat,Anand,2023,865.6
Gujarat,Aravalli,2020,1032.5
Gujarat,Arvalli,2021,872.7
Gujarat,Arvalli,2023,847.4
Gujarat,BANAS KANTHA,2022,887.4
Gujarat,BHARUCH,2022,806.1
Gujarat,BHAVNAGAR,2022,544.2
Gujarat,BOTAD,2022,871.7
Gujarat,Banaskantha,2019,632.4
Gujarat,Banaskantha,2020,648.8
Gujarat,Banaskantha,2021,594.3
Gujarat,Banaskantha,2023,548.0
Gujarat,Banaskantha Data,2020,984.3
Gujarat,Bharuch,2019,896.3
Gujarat,Bharuch,2020,856.0
Gujarat,Bharuch,2021,802.1
Gujarat,Bharuch,2023,753.0
Gujarat,Bharuch*,2019,999.2
Gujarat,Bhavnagar,2019,611.9
Gujarat,Bhavnagar,2020,655.0
Gujarat,Bhavnagar,2021,577.9
Gujarat,Bhavnagar,2023,553.3
Gujarat,Botad,2021,941.6
Gujarat,Botad,2023,868.7
Gujarat,CHHOTA UDAIPUR,2022,833.0
Gujarat,Chhota Udaipur,2020,1011.3
Gujarat,Chhota Udepur,2023,876.4
Gujarat,Chhota udepur,2021,937.6
Gujarat,Chhota_Udaipur*,2019,1009.8
Gujarat,DAHOD,2022,836.5
Gujarat,DAMAN,2021,2299.5
Gujarat,DEVBHUMI DWARKA,2022,857.0
Gujarat,Dahod,2020,1022.2
Gujarat,Dahod,2021,921.6
Gujarat,Dahod,2023,856.4
Gujarat,Daman,2019,2738.6
Gujarat,Daman,2020,2615.1
Gujarat,Dang,2021,891.1
Gujarat,Dang,2023,834.3
Gujarat,Dangs-Ahwa,2020,972.6
Gujarat,Devbhoomi Dwarka,2023,846.8
Gujarat,Devbhumi Dwarka,2021,884.0
Gujarat,Devbhumi Dwarka,2023,841.6
Gujarat,Diu,2020,743.7
Gujarat,Dohad,2019,983.6
Gujarat,Dohad,2020,1047.5
Gujarat,Dwarka,2021,876.7
Gujarat,GANDHINAGAR,2022,709.3
Gujarat,GIR SOMNATH,2022,861.1
Gujarat,Gandhinagar,2019,867.9
Gujarat,Gandhinagar,2020,788.6
Gujarat,Gandhinagar,2021,737.6
Gujarat,Gir Somnath,2020,1054.8
Gujarat,Gir Somnath,2021,948.5
Gujarat,Gir Somnath,2023,896.4
Gujarat,JAMNAGAR,2022,456.8
Gujarat,JUNAGADH,2022,754.9
Gujarat,Jamnagar,2019,557.0
Gujarat,Jamnagar,2020,566.1
Gujarat,Jamnagar,2021,495.8
Gujarat,Jamnagar,2023,471.5
Gujarat,Junagadh,2019,893.3
Gujarat,Junagadh,2020,929.5
Gujarat,Junagadh,2021,796.4
Gujarat,Junagadh,2023,766.8
Gujarat,KACHCHH,2022,862.4
Gujarat,KHEDA,2022,799.7
Gujarat,Kachchh,2019,990.6
Gujarat,Kachchh,2020,968.7
Gujarat,Kachchh,2023,878.5
Gujarat,Kheda,2019,915.3
Gujarat,Kheda,2020,934.1
Gujarat,Kheda,2021,812.5
Gujarat,Kheda,2023,797.6
Gujarat,Kutchch,2021,918.1
Gujarat,MAHESANA,2022,829.9
Gujarat,MAHISAGAR,2022,854.7
Gujarat,MORBI,2022,837.1
Gujarat,Mahesana,2019,972.4
Gujarat,Mahesana,2020,1056.9
Gujarat,Mahesana,2023,853.4
Gujarat,Mahisagar,2020,1038.8
Gujarat,Mahisagar,2021,892.6
Gujarat,Mahisagar,2023,884.7
Gujarat,Mata no madh,2020,1033.8
Gujarat,Mehsana,2021,692.3
Gujarat,Morbi,2021,912.5
Gujarat,Morbi,2023,861.2
Gujarat,Morvi,2020,992.3
Gujarat,NARMADA,2022,906.2
Gujarat,NAVSARI,2022,897.6
Gujarat,Narmada,2019,1064.1
Gujarat,Narmada,2020,969.7
Gujarat,Narmada,2021,936.2
Gujarat,Narmada,2023,907.0
Gujarat,Navsari,2019,984.4
Gujarat,Navsari,2020,963.9
Gujarat,Navsari,2021,937.2
Gujarat,Navsari,2023,875.4
Gujarat,PANCH MAHALS,2022,898.6
Gujarat,PATAN,2022,837.6
Gujarat,PORBANDAR,2022,693.5
Gujarat,Panchmahal,2019,986.4
Gujarat,Panchmahal,2021,884.3
Gujarat,Panchmahal,2023,839.7
Gujarat,Panchmahals,2019,1088.4
Gujarat,Panchmahals,2020,1062.9
Gujarat,Patan,2019,1019.1
Gujarat,Patan,2020,993.3
Gujarat,Patan,2021,949.6
Gujarat,Patan,2023,859.5
Gujarat,Porbanadar,2019,1049.0
Gujarat,Porbandar,2020,776.3
Gujarat,Porbandar,2021,700.7
Gujarat,Porbandar,2023,671.1
Gujarat,RAJKOT,2022,533.5
Gujarat,Rajkot,2019,652.8
Gujarat,Rajkot,2020,631.4
Gujarat,Rajkot,2021,558.0
Gujarat,Rajkot,2023,566.1
Gujarat,SABARKANTHA,2022,758.4
Gujarat,SURAT,2022,1231.8
Gujarat,SURENDRA NAGAR,2022,904.2
Gujarat,Sabarkantha,2019,909.1
Gujarat,Sabarkantha,2020,855.7
Gujarat,Sabarkantha,2021,843.7
Gujarat,Sabarkantha,2023,777.1
Gujarat,Surat,2019,1411.5
Gujarat,Surat,2020,1370.8
Gujarat,Surat,2021,1329.6
Gujarat,Surat,2023,1241.1
Gujarat,Surendranagar,2019,590.0
Gujarat,Surendranagar,2020,605.7
Gujarat,Surendranagar,2021,544.5
Gujarat,Surendranagar,2023,485.0
Gujarat,TAPI,2022,852.5
Gujarat,THE DANGS,2022,847.0
Gujarat,Tapi,2021,937.4
Gujarat,Tapi,2023,828.4
Gujarat,The Dangs,2019,1023.9
Gujarat,VADODARA,2022,891.7
Gujarat,VALSAD,2022,1972.0
Gujarat,Vadodara,2019,1000.7
Gujarat,Vadodara,2020,1039.9
Gujarat,Vadodara,2021,879.5
Gujarat,Vadodara,2023,899.0
Gujarat,Vadodara*,2019,978.9
Gujarat,Vadodra,2020,997.2
Gujarat,Valsad,2019,2290.0
Gujarat,Valsad,2020,2126.5
Gujarat,Valsad,2021,1947.3
Gujarat,Valsad,2023,1942.6
Haryana,Ambala,2019,1241.9
Haryana,Ambala,2020,1221.1
Haryana,Ambala,2021,1114.9
Haryana,Ambala,2022,1042.9
Haryana,Ambala,2023,1012.6
Haryana,Bhiwani,2019,454.3
Haryana,Bhiwani,2020,442.7
Haryana,Bhiwani,2021,432.3
Haryana,Bhiwani,2022,397.6
Haryana,Bhiwani,2023,390.4
Haryana,Charkhi Dadri,2023,575.5
Haryana,Faridabad,2019,801.7
Haryana,Faridabad,2020,734.0
Haryana,Faridabad,2021,696.6
Haryana,Faridabad,2022,656.1
Haryana,Faridabad,2023,663.1
Haryana,Fatehabad,2019,381.7
Haryana,Fatehabad,2020,412.2
Haryana,Fatehabad,2021,376.6
Haryana,Fatehabad,2022,345.0
Haryana,Fatehabad,2023,349.5
Haryana,Gurgaon,2021,561.3
Haryana,Gurgaon,2022,522.0
Haryana,Gurugram,2019,652.5
Haryana,Gurugram,2020,675.0
Haryana,Gurugram,2023,583.8
Haryana,Hisar,2019,438.2
Haryana,Hisar,2020,447.9
Haryana,Hisar,2021,414.6
Haryana,Hisar,2022,393.4
Haryana,Hisar,2023,375.5
Haryana,Jhajjar,2019,517.1
Haryana,Jhajjar,2020,558.9
Haryana,Jhajjar,2021,500.5
Haryana,Jhajjar,2022,442.4
Haryana,Jhajjar,2023,479.0
Haryana,Jind,2019,580.7
Haryana,Jind,2020,556.0
Haryana,Jind,2021,508.6
Haryana,Jind,2022,473.7
Haryana,Jind,2023,457.2
Haryana,Kaithal,2019,504.7
Haryana,Kaithal,2020,523.9
Haryana,Kaithal,2021,439.0
Haryana,Kaithal,2022,431.2
Haryana,Kaithal,2023,434.0
Haryana,Karnal,2019,788.8
Haryana,Karnal,2020,811.4
Haryana,Karnal,2021,696.4
Haryana,Karnal,2022,661.3
Haryana,Karnal,2023,687.5
Haryana,Kurukshetra,2019,756.9
Haryana,Kurukshetra,2020,732.9
Haryana,Kurukshetra,2021,681.2
Haryana,Kurukshetra,2022,626.6
Haryana,Kurukshetra,2023,628.9
Haryana,Mahendergarh,2019,675.9
Haryana,Mahendragarh,2020,514.8
Haryana,Mahendragarh,2021,491.0
Haryana,Mahendragarh,2022,441.5
Haryana,Mahendragarh,2023,451.2
Haryana,Mewat,2019,637.5
Haryana,Mewat,2020,593.1
Haryana,Mewat,2021,575.5
Haryana,Mewat,2022,520.4
Haryana,Mewat,2023,562.5
Haryana,Palwal,2019,652.3
Haryana,Palwal,2020,664.1
Haryana,Palwal,2021,583.2
Haryana,Palwal,2022,606.4
Haryana,Palwal,2023,577.8
Haryana,Panchkula,2019,1275.1
Haryana,Panchkula,2020,1197.4
Haryana,Panchkula,2021,1165.1
Haryana,Panchkula,2022,1048.0
Haryana,Panchkula,2023,1122.3
Haryana,Panipat,2019,666.3
Haryana,Panipat,2020,659.2
Haryana,Panipat,2021,589.2
Haryana,Panipat,2022,585.0
Haryana,Panipat,2023,590.5
Haryana,Rewari,2019,517.9
Haryana,Rewari,2020,551.3
Haryana,Rewari,2021,485.0
Haryana,Rewari,2022,463.8
Haryana,Rewari,2023,459.9
Haryana,Rohtak,2019,673.1
Haryana,Rohtak,2020,677.6
Haryana,Rohtak,2021,590.7
Haryana,Rohtak,2022,562.4
Haryana,Rohtak,2023,601.9
Haryana,Sirsa,2019,360.2
Haryana,Sirsa,2020,337.4
Haryana,Sirsa,2021,303.2
Haryana,Sirsa,2022,298.9
Haryana,Sirsa,2023,292.0
Haryana,Sonipat,2019,643.9
Haryana,Sonipat,2020,646.8
Haryana,Sonipat,2021,621.6
Haryana,Sonipat,2022,586.9
Haryana,Sonipat,2023,550.4
Haryana,Y. Nagar,2019,657.2
Haryana,Yamuna Nagar,2021,592.0
Haryana,YamunaNagar,2022,1058.5
Haryana,Yamunanagar,2019,1159.2
Haryana,Yamunanagar,2020,1158.9
Haryana,Yamunanagar,2022,1071.8
Haryana,Yamunanagar,2023,1007.1
Himachal Pradesh,Bilaspur,2021,1235.3
Himachal Pradesh,Bilaspur,2023,1125.0
Himachal Pradesh,CHAMBA,2019,2108.8
Himachal Pradesh,Chamba,2020,2120.9
Himachal Pradesh,Chamba,2021,2021.1
Himachal Pradesh,Chamba,2023,1944.0
Himachal Pradesh,HAMIRPUR,2019,1622.9
Himachal Pradesh,Hamirpur,2020,1540.7
Himachal Pradesh,Hamirpur,2021,1437.7
Himachal Pradesh,Hamirpur,2023,1302.9
Himachal Pradesh,KANGRA,2019,2175.8
Himachal Pradesh,Kangra,2019,2309.8
Himachal Pradesh,Kangra,2020,2094.4
Himachal Pradesh,Kangra,2021,1916.7
Himachal Pradesh,Kangra,2023,1843.2
Himachal Pradesh,Kullu,2019,1140.2
Himachal Pradesh,Kullu,2020,1148.2
Himachal Pradesh,Kullu,2021,1086.2
Himachal Pradesh,Kullu,2023,1014.8
Himachal Pradesh,MANDI,2019,1722.7
Himachal Pradesh,Mandi,2020,1694.7
Himachal Pradesh,Mandi,2021,1468.2
Himachal Pradesh,Mandi,2023,1382.4
Himachal Pradesh,SIRMOUR,2019,1195.4
Himachal Pradesh,Sirmour,2021,1098.8
Himachal Pradesh,Sirmour,2023,1010.0
Himachal Pradesh,Solan,2019,1521.5
Himachal Pradesh,Solan,2021,1340.3
Himachal Pradesh,Solan,2023,1290.9
Himachal Pradesh,UNA,2019,1214.0
Himachal Pradesh,Una,2020,1185.8
Himachal Pradesh,Una,2021,1148.9
Himachal Pradesh,Una,2023,1071.6
Jammu & Kashmir,Anantnag,2019,1028.2
Jammu & Kashmir,Anantnag,2022,945.0
Jammu & Kashmir,BADGAM,2021,664.1
Jammu & Kashmir,BARAMULA,2019,1257.7
Jammu & Kashmir,BARAMULA,2021,1121.7
Jammu & Kashmir,Baramula,2021,1080.9
Jammu & Kashmir,Baramulla,2022,1013.3
Jammu & Kashmir,Baramulla,2023,1039.5
Jammu & Kashmir,Budgam,2019,1215.0
Jammu & Kashmir,Handwara,2022,1047.8
Jammu & Kashmir,Handwara,2023,1009.0
Jammu & Kashmir,JAMMU,2019,1284.4
Jammu & Kashmir,JAMMU,2020,1364.5
Jammu & Kashmir,JAMMU,2021,1257.3
Jammu & Kashmir,Jammu,2021,1202.3
Jammu & Kashmir,Jammu,2022,1101.2
Jammu & Kashmir,Jammu,2023,1112.7
Jammu & Kashmir,KATHUA,2019,1327.8
Jammu & Kashmir,KATHUA,2020,1439.6
Jammu & Kashmir,KATHUA,2021,1207.5
Jammu & Kashmir,KATHUA,2022,1201.2
Jammu & Kashmir,KUPWARA,2019,1217.8
Jammu & Kashmir,KUPWARA,2021,1127.4
Jammu & Kashmir,Kathua,2019,1416.1
Jammu & Kashmir,Kathua,2021,1296.9
Jammu & Kashmir,Kathua,2023,1157.1
Jammu & Kashmir,Kupwara,2019,1185.0
Jammu & Kashmir,Kupwara,2022,1026.1
Jammu & Kashmir,Kupwara,2023,1107.3
Jammu & Kashmir,Mahreen,2023,1072.7
Jammu & Kashmir,PULWAMA,2019,560.5
Jammu & Kashmir,Pulwama,2021,504.6
Jammu & Kashmir,Pulwama,2022,482.2
Jammu & Kashmir,RAJAURI,2019,1170.7
Jammu & Kashmir,RAJOURI,2020,1086.6
Jammu & Kashmir,REASI,2020,1942.3
Jammu & Kashmir,REASI,2021,1757.8
Jammu & Kashmir,REASI,2022,1691.9
Jammu & Kashmir,Rajouri,2019,1005.2
Jammu & Kashmir,Rajouri,2021,916.0
Jammu & Kashmir,Rajouri,2022,921.2
Jammu & Kashmir,Rajouri,2023,862.2
Jammu & Kashmir,Reasi,2019,1996.5
Jammu & Kashmir,Reasi,2022,1645.7
Jammu & Kashmir,Reasi,2023,1670.0
Jammu & Kashmir,SAMBA,2020,1292.4
Jammu & Kashmir,SAMBA,2021,1181.9
Jammu & Kashmir,SAMBA,2022,1163.6
Jammu & Kashmir,SRINAGAR,2019,725.9
Jammu & Kashmir,SRINAGAR,2021,671.3
Jammu & Kashmir,Samba,2019,1329.2
Jammu & Kashmir,Samba,2021,1218.8
Jammu & Kashmir,Samba,2023,1188.4
Jammu & Kashmir,Srinagar,2022,647.9
Jammu & Kashmir,UDHAMPUR,2019,2109.4
Jammu & Kashmir,UDHAMPUR,2020,2050.7
Jammu & Kashmir,UDHAMPUR,2021,1907.7
Jammu & Kashmir,UDHAMPUR,2022,1873.1
Jammu & Kashmir,Udhampur,2019,2073.9
Jammu & Kashmir,Udhampur,2023,1854.8
Jharkhand,Bokaro,2019,1385.5
Jharkhand,Bokaro,2020,1337.2
Jharkhand,Bokaro,2021,1268.5
Jharkhand,Bokaro,2022,1126.5
Jharkhand,Bokaro,2023,1122.8
Jharkhand,Chatra,2019,1318.5
Jharkhand,Chatra,2023,1101.1
Jharkhand,Deoghar,2019,1302.4
Jharkhand,Deoghar,2022,1085.3
Jharkhand,Deoghar,2023,1064.7
Jharkhand,Dhanbad,2019,1538.3
Jharkhand,Dhanbad,2022,1312.0
Jharkhand,Dhanbad,2023,1298.7
Jharkhand,Dumka,2019,1485.0
Jharkhand,Dumka,2022,1310.3
Jharkhand,Dumka,2023,1280.6
Jharkhand,E. Singhbhum,2019,1375.2
Jharkhand,E. Singhbhum,2020,1480.0
Jharkhand,E. Singhbhum,2022,1180.7
Jharkhand,E. Singhbhum,2023,1280.4
Jharkhand,Garhwa,2019,1139.8
Jharkhand,Garhwa,2022,948.5
Jharkhand,Garhwa,2023,983.4
Jharkhand,Giridih,2019,1429.4
Jharkhand,Giridih,2022,1204.9
Jharkhand,Giridih,2023,1213.6
Jharkhand,Godda,2019,1278.8
Jharkhand,Godda,2022,1096.4
Jharkhand,Godda,2023,1113.3
Jharkhand,Gumla,2019,1524.3
Jharkhand,Gumla,2020,1547.6
Jharkhand,Gumla,2021,1367.9
Jharkhand,Gumla,2022,1401.2
Jharkhand,Gumla,2023,1395.3
Jharkhand,Hazaribag,2021,1129.5
Jharkhand,Hazaribagh,2019,1463.3
Jharkhand,Hazaribagh,2020,1481.2
Jharkhand,Hazaribagh,2022,1186.1
Jharkhand,Hazaribagh,2023,1233.6
Jharkhand,Jamtara,2019,1691.1
Jharkhand,Jamtara,2022,1322.8
Jharkhand,Jamtara,2023,1414.8
Jharkhand,Khunti,2019,1404.7
Jharkhand,Khunti,2020,1481.0
Jharkhand,Khunti,2022,1282.9
Jharkhand,Khunti,2023,1279.7
Jharkhand,Koderma,2019,1224.7
Jharkhand,Koderma,2023,1087.2
Jharkhand,Latehar,2019,1355.8
Jharkhand,Latehar,2020,1275.2
Jharkhand,Latehar,2023,1156.8
Jharkhand,Lohardaga,2019,1255.8
Jharkhand,Lohardaga,2020,1317.4
Jharkhand,Lohardaga,2021,1153.1
Jharkhand,Lohardaga,2022,1082.6
Jharkhand,Loherdaga,2023,1173.4
Jharkhand,Pakur,2019,1808.5
Jharkhand,Pakur,2022,1491.4
Jharkhand,Pakur,2023,1549.7
Jharkhand,Palamu,2019,1153.1
Jharkhand,Palamu,2023,1011.1
Jharkhand,Ramgarh,2019,1378.6
Jharkhand,Ramgarh,2020,1400.2
Jharkhand,Ramgarh,2021,1213.4
Jharkhand,Ramgarh,2022,1188.2
Jharkhand,Ramgarh,2023,1218.7
Jharkhand,Ranchi,2019,1561.4
Jharkhand,Ranchi,2020,1488.6
Jharkhand,Ranchi,2021,1323.1
Jharkhand,Ranchi,2022,1367.8
Jharkhand,Ranchi,2023,1255.9
Jharkhand,Sahebganj,2023,1271.1
Jharkhand,Sahibganj,2019,1714.0
Jharkhand,Sahibganj,2022,1524.6
Jharkhand,Saraikela,2019,1476.6
Jharkhand,Saraikela,2022,1286.2
Jharkhand,Saraikela,2023,1206.9
Jharkhand,Simdega,2019,1776.6
Jharkhand,Simdega,2020,1697.9
Jharkhand,Simdega,2022,1475.7
Jharkhand,Simdega,2023,1497.6
Jharkhand,W Singhbhum,2019,1487.4
Jharkhand,W Singhbhum,2022,1284.5
Jharkhand,W Singhbhum,2023,1258.1
Karnataka,BAGALKOT,2022,1113.7
Karnataka,BANGALORE RURAL,2022,1114.1
Karnataka,BANGALORE URBAN,2022,1149.6
Karnataka,BELGAUM,2022,1093.6
Karnataka,BELLARY,2022,562.6
Karnataka,BIDAR,2022,825.1
Karnataka,BIJAPUR,2022,603.9
Karnataka,Bagalkot,2019,1287.3
Karnataka,Bagalkot,2023,1093.0
Karnataka,Bangalore Rural,2019,1253.9
Karnataka,Bangalore Rural,2020,1239.4
Karnataka,Bangalore Urban,2019,1378.2
Karnataka,Bangalore Urban,2020,1292.7
Karnataka,Belgaum,2019,1298.9
Karnataka,Belgaum,2020,1325.5
Karnataka,Belgaum,2023,1091.3
Karnataka,Bellary,2019,715.9
Karnataka,Bellary,2023,602.2
Karnataka,Bengaluru Rural,2023,1076.8
Karnataka,Bengaluru Urban,2023,1113.7
Karnataka,Bidar,2019,1016.9
Karnataka,Bidar,2023,874.5
Karnataka,Bijapur,2019,719.7
Karnataka,Bijapur,2023,624.0
Karnataka,CHAMARAJANAGAR,2022,1085.5
Karnataka,CHICKBALLAPUR,2022,738.1
Karnataka,CHICKMAGALUR,2022,1092.8
Karnataka,CHIKBALLAPURA,2019,1372.3
Karnataka,CHITRADURGA,2022,503.5
Karnataka,Chamarajanagar,2019,1328.2
Karnataka,Chamarajanagara,2023,1124.4
Karnataka,Chikballapur,2023,1092.7
Karnataka,Chikkamagalur,2019,1271.6
Karnataka,Chikkamagaluru,2023,1091.6
Karnataka,Chitradurga,2019,562.3
Karnataka,Chitradurga,2023,509.9
Karnataka,DAKSHIN KANNADA,2022,1106.1
Karnataka,DAVANAAGERE,2022,1073.3
Karnataka,DHARWAD,2022,779.1
Karnataka,Dakshin Kannada,2019,1364.5
Karnataka,Davanagere,2019,1370.3
Karnataka,Davanagere,2023,1178.5
Karnataka,Dharwad,2019,842.5
Karnataka,Dharwad,2023,736.5
Karnataka,GADAG,2022,618.3
Karnataka,GULBARGA,2022,786.5
Karnataka,Gadag,2019,680.9
Karnataka,Gadag,2023,621.8
Karnataka,Gulbarga,2019,877.8
Karnataka,Gulbarga,2023,750.1
Karnataka,HASSAN,2022,912.4
Karnataka,HAVERI,2022,751.3
Karnataka,Hassan,2019,1072.3
Karnataka,Hassan,2023,871.9
Karnataka,Haveri,2019,904.0
Karnataka,Haveri,2023,726.9
Karnataka,KODAGU,2022,2481.4
Karnataka,KOPPAL,2022,584.3
Karnataka,Kodagu,2019,3152.9
Karnataka,Kodagu,2023,2670.2
Karnataka,Kolar,2019,829.1
Karnataka,Kolar,2020,809.3
Karnataka,Kolar,2022,690.7
Karnataka,Kolar,2023,658.9
Karnataka,Koppal,2019,652.1
Karnataka,Koppal,2023,555.2
Karnataka,MANDYA,2022,608.0
Karnataka,MYSORE,2022,729.0
Karnataka,Mandya,2019,728.7
Karnataka,Mandya,2020,692.1
Karnataka,Mandya,2023,605.5
Karnataka,Mysore,2019,849.8
Karnataka,Mysore,2023,682.9
Karnataka,RAICHUR,2022,647.2
Karnataka,RAMANAGARA,2019,1313.4
Karnataka,Raichur,2019,730.2
Karnataka,Raichur,2023,631.0
Karnataka,Ramanagar,2020,1344.4
Karnataka,Ramanagara,2023,1105.8
Karnataka,SHIMOGA,2022,1748.8
Karnataka,Shimoga,2019,2023.9
Karnataka,Shivmoga,2023,1096.8
Karnataka,TUMKUR,2022,681.5
Karnataka,Tumkur,2019,791.2
Karnataka,Tumkur,2023,667.0
Karnataka,UDIPI,2022,1162.3
Karnataka,UTTAR KANNADA,2022,2992.3
Karnataka,Udupi,2019,4835.3
Karnataka,Udupi,2023,4184.1
Karnataka,Uttara Kannada,2019,1340.0
Karnataka,Uttara Kannada,2023,1143.2
Karnataka,Vijayanagara,2023,1136.3
Karnataka,Yadgir,2019,941.1
Karnataka,Yadgir,2022,757.6
Karnataka,Yadgir,2023,814.3
Kerala,Alappuzha,2022,2770.0
Kerala,Alappuzha,2023,2545.0
Kerala,Alapuzha,2019,3336.4
Kerala,Allapuzha,2021,2800.1
Kerala,Ernakkulam,2021,2860.1
Kerala,Ernakulam,2019,3414.0
Kerala,Ernakulam,2022,2751.5
Kerala,Ernakulam,2023,2938.7
Kerala,Idukki,2019,3753.4
Kerala,Idukki,2021,3271.9
Kerala,Idukki,2022,2951.1
Kerala,Idukki,2023,3038.2
Kerala,Kannur,2019,3268.9
Kerala,Kannur,2021,3047.9
Kerala,Kannur,2022,2797.5
Kerala,Kannur,2023,2694.8
Kerala,Kasarakode,2019,3274.4
Kerala,Kasargod,2021,3599.7
Kerala,Kasargod,2022,3499.6
Kerala,Kasargod,2023,3270.5
Kerala,Kollam,2019,2812.4
Kerala,Kollam,2021,2477.0
Kerala,Kollam,2022,2450.6
Kerala,Kollam,2023,2305.2
Kerala,Kottayam,2019,3266.3
Kerala,Kottayam,2021,3026.5
Kerala,Kottayam,2022,2645.2
Kerala,Kottayam,2023,2875.1
Kerala,Kozhikode,2019,3792.5
Kerala,Kozhikode,2021,3205.5
Kerala,Kozhikode,2022,3117.7
Kerala,Kozhikode,2023,3247.3
Kerala,Malappuram,2019,2983.7
Kerala,Malappuram,2021,2829.8
Kerala,Malappuram,2022,2623.9
Kerala,Malappuram,2023,2697.2
Kerala,Palakad,2019,3084.4
Kerala,Palakkad,2021,2351.3
Kerala,Palakkad,2022,2254.5
Kerala,Palakkad,2023,2253.5
Kerala,Pathanamthita,2022,2830.1
Kerala,Pathanamthita,2023,2659.0
Kerala,Pathanamthitta,2019,3338.3
Kerala,Pathanamthitta,2021,2789.6
Kerala,Thrissur,2019,3208.4
Kerala,Thrissur,2022,2828.5
Kerala,Thrissur,2023,2876.0
Kerala,Trissur,2021,2986.7
Kerala,Trivandrum,2019,3290.4
Kerala,Trivandrum,2021,2892.3
Kerala,Trivandrum,2022,2698.6
Kerala,Trivandrum,2023,2898.4
Kerala,Wayanad,2019,3552.0
Kerala,Wayanad,2021,3204.9
Kerala,Wayanad,2022,2955.1
Kerala,Wayanad,2023,3148.1
Madhya Pradesh,AGAR MALWA,2022,989.2
Madhya Pradesh,ALIRAJPUR,2022,943.3
Madhya Pradesh,ANUPPUR,2022,929.8
Madhya Pradesh,ASHOK NAGAR,2022,987.9
Madhya Pradesh,Agar Malwa,2019,1153.1
Madhya Pradesh,Agar Malwa,2020,1099.7
Madhya Pradesh,Agar Malwa,2021,1068.1
Madhya Pradesh,Agar Malwa,2023,936.5
Madhya Pradesh,Alirajpur,2019,1127.9
Madhya Pradesh,Alirajpur,2020,1175.1
Madhya Pradesh,Alirajpur,2021,1013.8
Madhya Pradesh,Alirajpur,2023,983.8
Madhya Pradesh,Anuppur,2019,1123.9
Madhya Pradesh,Anuppur,2020,1099.8
Madhya Pradesh,Anuppur,2021,1071.4
Madhya Pradesh,Anuppur,2023,961.6
Madhya Pradesh,Ashok Nagar,2019,1180.3
Madhya Pradesh,Ashok Nagar,2020,1094.8
Madhya Pradesh,Ashok Nagar,2021,992.7
Madhya Pradesh,Ashok Nagar,2023,924.9
Madhya Pradesh,BALAGHAT,2022,1413.8
Madhya Pradesh,BARWANI,2022,650.5
Madhya Pradesh,BETUL,2022,1002.3
Madhya Pradesh,BHIND,2022,715.7
Madhya Pradesh,BHOPAL,2022,1070.3
Madhya Pradesh,BURHANPUR,2022,809.5
Madhya Pradesh,Balaghat,2019,1689.8
Madhya Pradesh,Balaghat,2020,1659.6
Madhya Pradesh,Balaghat,2021,1506.5
Madhya Pradesh,Balaghat,2023,1440.7
Madhya Pradesh,Barwani,2019,791.5
Madhya Pradesh,Barwani,2020,774.0
Madhya Pradesh,Barwani,2021,668.6
Madhya Pradesh,Barwani,2023,628.3
Madhya Pradesh,Betul,2019,1179.3
Madhya Pradesh,Betul,2020,1134.5
Madhya Pradesh,Betul,2021,1048.7
Madhya Pradesh,Betul,2023,965.3
Madhya Pradesh,Bhind,2019,807.6
Madhya Pradesh,Bhind,2020,800.9
Madhya Pradesh,Bhind,2021,769.8
Madhya Pradesh,Bhind,2023,712.6
Madhya Pradesh,Bhopal,2019,1160.6
Madhya Pradesh,Bhopal,2020,1184.6
Madhya Pradesh,Bhopal,2021,1029.9
Madhya Pradesh,Bhopal,2023,1030.8
Madhya Pradesh,Burhanpur,2019,955.4
Madhya Pradesh,Burhanpur,2020,998.0
Madhya Pradesh,Burhanpur,2021,863.5
Madhya Pradesh,Burhanpur,2023,832.0
Madhya Pradesh,CHHATARPUR,2022,966.9
Madhya Pradesh,CHHINDWARA,2022,919.2
Madhya Pradesh,Chhatarpur,2019,1176.8
Madhya Pradesh,Chhatarpur,2020,1176.4
Madhya Pradesh,Chhatarpur,2021,1081.3
Madhya Pradesh,Chhatarpur,2023,995.3
Madhya Pradesh,Chhindwara,2019,1145.7
Madhya Pradesh,Chhindwara,2020,1153.6
Madhya Pradesh,Chhindwara,2021,1039.7
Madhya Pradesh,Chhindwara,2023,916.1
Madhya Pradesh,DAMOH,2022,1107.6
Madhya Pradesh,DATIA,2022,776.6
Madhya Pradesh,DEWAS,2022,944.5
Madhya Pradesh,DHAR,2022,873.5
Madhya Pradesh,DINDORI,2022,1211.6
Madhya Pradesh,Damoh,2019,1298.5
Madhya Pradesh,Damoh,2020,1302.1
Madhya Pradesh,Damoh,2021,1192.5
Madhya Pradesh,Damoh,2023,1116.4
Madhya Pradesh,Datia,2019,899.8
Madhya Pradesh,Datia,2020,921.3
Madhya Pradesh,Datia,2021,853.1
Madhya Pradesh,Datia,2023,775.3
Madhya Pradesh,Dewas,2019,1117.6
Madhya Pradesh,Dewas,2020,1071.7
Madhya Pradesh,Dewas,2021,978.1
Madhya Pradesh,Dewas,2023,959.5
Madhya Pradesh,Dhar,2019,938.9
Madhya Pradesh,Dhar,2020,972.4
Madhya Pradesh,Dhar,2021,893.9
Madhya Pradesh,Dhar,2023,858.0
Madhya Pradesh,Dindori,2019,1426.3
Madhya Pradesh,Dindori,2020,1408.6
Madhya Pradesh,Dindori,2021,1271.0
Madhya Pradesh,Dindori,2023,1273.6
Madhya Pradesh,GUNA,2022,986.6
Madhya Pradesh,GWALIOR,2022,793.7
Madhya Pradesh,Guna,2019,1180.5
Madhya Pradesh,Guna,2020,1070.6
Madhya Pradesh,Guna,2021,1022.2
Madhya Pradesh,Guna,2023,986.8
Madhya Pradesh,Gwalior,2019,1010.6
Madhya Pradesh,Gwalior,2020,986.3
Madhya Pradesh,Gwalior,2021,903.5
Madhya Pradesh,Gwalior,2023,819.4
Madhya Pradesh,HARDA,2022,1094.0
Madhya Pradesh,HOSHANGABAD,2022,1253.7
Madhya Pradesh,Harda,2019,1290.1
Madhya Pradesh,Harda,2020,1235.7
Madhya Pradesh,Harda,2021,1152.5
Madhya Pradesh,Harda,2023,1055.5
Madhya Pradesh,Hoshangabad,2019,1553.4
Madhya Pradesh,Hoshangabad,2020,1521.5
Madhya Pradesh,Hoshangabad,2021,1410.2
Madhya Pradesh,Hoshangabad,2023,1253.9
Madhya Pradesh,INDORE,2022,824.4
Madhya Pradesh,Indore,2019,983.5
Madhya Pradesh,Indore,2020,965.8
Madhya Pradesh,Indore,2021,941.9
Madhya Pradesh,Indore,2023,838.1
Madhya Pradesh,JABALPUR,2022,1174.2
Madhya Pradesh,JHABUA,2022,751.6
Madhya Pradesh,Jabalpur,2019,1269.9
Madhya Pradesh,Jabalpur,2020,1337.4
Madhya Pradesh,Jabalpur,2021,1199.2
Madhya Pradesh,Jabalpur,2023,1120.7
Madhya Pradesh,Jhabua,2019,899.0
Madhya Pradesh,Jhabua,2020,905.4
Madhya Pradesh,Jhabua,2021,782.8
Madhya Pradesh,Jhabua,2023,802.0
Madhya Pradesh,KATNI,2022,1123.6
Madhya Pradesh,KHANDWA,2022,896.9
Madhya Pradesh,KHARGONE,2022,753.9
Madhya Pradesh,Katni,2019,1277.8
Madhya Pradesh,Katni,2020,1190.6
Madhya Pradesh,Katni,2021,1076.7
Madhya Pradesh,Katni,2023,1046.6
Madhya Pradesh,Khandwa,2019,1030.1
Madhya Pradesh,Khandwa,2020,1062.3
Madhya Pradesh,Khandwa,2021,951.7
Madhya Pradesh,Khandwa,2023,905.0
Madhya Pradesh,Khargone,2019,902.8
Madhya Pradesh,Khargone,2020,887.4
Madhya Pradesh,Khargone,2021,808.1
Madhya Pradesh,Khargone,2023,815.2
Madhya Pradesh,MANDLA,2022,1252.8
Madhya Pradesh,MANDSAUR,2022,828.4
Madhya Pradesh,MORENA,2022,736.1
Madhya Pradesh,Mandla,2019,1527.3
Madhya Pradesh,Mandla,2020,1557.0
Madhya Pradesh,Mandla,2021,1381.2
Madhya Pradesh,Mandla,2023,1362.2
Madhya Pradesh,Mandsaur,2019,972.6
Madhya Pradesh,Mandsaur,2020,919.4
Madhya Pradesh,Mandsaur,2021,822.8
Madhya Pradesh,Mandsaur,2023,806.5
Madhya Pradesh,Morena,2019,889.9
Madhya Pradesh,Morena,2020,822.4
Madhya Pradesh,Morena,2021,778.7
Madhya Pradesh,Morena,2023,740.0
Madhya Pradesh,NARSINGHPUR,2022,1102.7
Madhya Pradesh,NEEMUCH,2022,736.8
Madhya Pradesh,Narsimhapur,2019,1160.0
Madhya Pradesh,Narsimhapur,2021,1063.8
Madhya Pradesh,Narsinghpur,2020,1209.5
Madhya Pradesh,Narsinghpur,2023,1049.3
Madhya Pradesh,Neemuch,2019,937.4
Madhya Pradesh,Neemuch,2020,858.7
Madhya Pradesh,Neemuch,2021,834.2
Madhya Pradesh,Neemuch,2023,764.4
Madhya Pradesh,PANNA,2022,1073.6
Madhya Pradesh,Panna,2019,1336.7
Madhya Pradesh,Panna,2020,1270.2
Madhya Pradesh,Panna,2021,1161.7
Madhya Pradesh,Panna,2023,1085.9
Madhya Pradesh,RAISEN,2022,1139.0
Madhya Pradesh,RAJGARH,2022,878.1
Madhya Pradesh,RATLAM,2022,881.2
Madhya Pradesh,REWA,2022,1051.5
Madhya Pradesh,Raisen,2019,1288.6
Madhya Pradesh,Raisen,2020,1329.1
Madhya Pradesh,Raisen,2021,1167.7
Madhya Pradesh,Raisen,2023,1159.3
Madhya Pradesh,Rajgarh,2019,1024.1
Madhya Pradesh,Rajgarh,2020,1103.2
Madhya Pradesh,Rajgarh,2021,952.6
Madhya Pradesh,Rajgarh,2023,884.7
Madhya Pradesh,Ratlam,2019,998.1
Madhya Pradesh,Ratlam,2020,999.0
Madhya Pradesh,Ratlam,2021,940.2
Madhya Pradesh,Ratlam,2023,876.4
Madhya Pradesh,Rewa,2019,1214.0
Madhya Pradesh,Rewa,2020,1156.6
Madhya Pradesh,Rewa,2021,1031.2
Madhya Pradesh,Rewa,2023,1016.2
Madhya Pradesh,SAGAR,2022,1143.8
Madhya Pradesh,SATNA,2022,959.7
Madhya Pradesh,SEHORE,2022,1047.4
Madhya Pradesh,SEONI,2022,1068.4
Madhya Pradesh,SHAHDOL,2022,1068.0
Madhya Pradesh,SHAJAPUR,2022,907.1
Madhya Pradesh,SHEOPUR,2022,742.5
Madhya Pradesh,SHIVPURI,2022,835.6
Madhya Pradesh,SIDHI,2022,1091.8
Madhya Pradesh,SINGRAULI,2022,873.3
Madhya Pradesh,Sagar,2019,1359.7
Madhya Pradesh,Sagar,2020,1261.3
Madhya Pradesh,Sagar,2021,1134.5
Madhya Pradesh,Sagar,2023,1094.9
Madhya Pradesh,Satna,2019,1110.3
Madhya Pradesh,Satna,2020,1154.7
Madhya Pradesh,Satna,2021,1091.2
Madhya Pradesh,Satna,2023,947.0
Madhya Pradesh,Sehore,2019,1219.9
Madhya Pradesh,Sehore,2020,1250.3
Madhya Pradesh,Sehore,2021,1190.6
Madhya Pradesh,Sehore,2023,1063.5
Madhya Pradesh,Seoni,2019,1311.9
Madhya Pradesh,Seoni,2020,1239.5
Madhya Pradesh,Seoni,2021,1138.4
Madhya Pradesh,Seoni,2023,1174.8
Madhya Pradesh,Shahdol,2019,1277.7
Madhya Pradesh,Shahdol,2020,1149.9
Madhya Pradesh,Shahdol,2021,1148.4
Madhya Pradesh,Shahdol,2023,1057.8
Madhya Pradesh,Shajapur,2019,1082.8
Madhya Pradesh,Shajapur,2020,1030.2
Madhya Pradesh,Shajapur,2021,941.4
Madhya Pradesh,Shajapur,2023,891.4
Madhya Pradesh,Sheopur,2019,885.6
Madhya Pradesh,Sheopur,2020,832.1
Madhya Pradesh,Sheopur,2021,747.1
Madhya Pradesh,Sheopur,2023,730.1
Madhya Pradesh,Shivpuri,2019,964.7
Madhya Pradesh,Shivpuri,2020,908.8
Madhya Pradesh,Shivpuri,2021,865.6
Madhya Pradesh,Shivpuri,2023,845.8
Madhya Pradesh,Sidhi,2019,1189.4
Madhya Pradesh,Sidhi,2020,1249.6
Madhya Pradesh,Sidhi,2021,1109.5
Madhya Pradesh,Sidhi,2023,1098.4
Madhya Pradesh,Singrauli,2019,980.6
Madhya Pradesh,Singrauli,2020,1023.4
Madhya Pradesh,Singrauli,2021,942.8
Madhya Pradesh,Singrauli,2023,904.4
Madhya Pradesh,TIKAMGARH,2022,898.4
Madhya Pradesh,Tikamgarh,2019,1032.1
Madhya Pradesh,Tikamgarh,2020,1035.0
Madhya Pradesh,Tikamgarh,2021,963.4
Madhya Pradesh,Tikamgarh,2023,888.4
Madhya Pradesh,UJJAIN,2022,811.4
Madhya Pradesh,UMARIA,2022,1211.6
Madhya Pradesh,Ujjain,2019,1015.2
Madhya Pradesh,Ujjain,2020,1004.6
Madhya Pradesh,Ujjain,2021,871.1
Madhya Pradesh,Ujjain,2023,864.9
Madhya Pradesh,Umaria,2019,1344.8
Madhya Pradesh,Umaria,2020,1367.3
Madhya Pradesh,Umaria,2021,1175.2
Madhya Pradesh,Umaria,2023,1179.9
Madhya Pradesh,VIDISHA,2022,1070.6
Madhya Pradesh,Vidisha,2019,1139.4
Madhya Pradesh,Vidisha,2020,1238.9
Madhya Pradesh,Vidisha,2021,1064.0
Madhya Pradesh,Vidisha,2023,1057.5
Maharashtra,Ahmednagar,2019,648.3
Maharashtra,Ahmednagar,2022,542.4
Maharashtra,Ahmednagar,2023,551.7
Maharashtra,Akola,2019,930.9
Maharashtra,Akola,2022,759.1
Maharashtra,Akola,2023,753.2
Maharashtra,Amravati,2019,1003.7
Maharashtra,Amravati,2022,869.5
Maharashtra,Amravati,2023,865.7
Maharashtra,Aurangabad,2019,811.3
Maharashtra,Aurangabad,2022,668.9
Maharashtra,Aurangabad,2023,694.6
Maharashtra,Beed,2019,749.6
Maharashtra,Beed,2022,668.9
Maharashtra,Beed,2023,633.0
Maharashtra,Bhandara,2019,1397.0
Maharashtra,Bhandara,2022,1198.9
Maharashtra,Bhandara,2023,1202.5
Maharashtra,Buldhana,2019,837.6
Maharashtra,Buldhana,2022,694.3
Maharashtra,Buldhana,2023,698.5
Maharashtra,Chandrapur,2019,1362.5
Maharashtra,Chandrapur,2022,1180.5
Maharashtra,Chandrapur,2023,1163.1
Maharashtra,Dhule,2019,639.4
Maharashtra,Dhule,2022,576.7
Maharashtra,Dhule,2023,580.4
Maharashtra,Gadchiroli,2019,1613.8
Maharashtra,Gadchiroli,2022,1357.8
Maharashtra,Gadchiroli,2023,1346.4
Maharashtra,Gondia,2019,1562.6
Maharashtra,Gondia,2022,1290.9
Maharashtra,Gondia,2023,1285.8
Maharashtra,Hingoli,2019,1026.2
Maharashtra,Hingoli,2022,906.0
Maharashtra,Hingoli,2023,909.6
Maharashtra,Jalgaon,2019,795.9
Maharashtra,Jalgaon,2022,692.6
Maharashtra,Jalgaon,2023,689.4
Maharashtra,Jalna,2019,811.3
Maharashtra,Jalna,2022,704.1
Maharashtra,Jalna,2023,707.4
Maharashtra,Kolhapur,2019,2239.9
Maharashtra,Kolhapur,2022,1958.6
Maharashtra,Kolhapur,2023,1783.0
Maharashtra,Latur,2019,970.5
Maharashtra,Latur,2022,813.3
Maharashtra,Latur,2023,868.0
Maharashtra,MUMBAI,2019,1462.4
Maharashtra,MUMBAI,2022,1171.0
Maharashtra,MUMBAI CITY,2022,2212.7
Maharashtra,Mumbai,2023,1149.0
Maharashtra,Mumbai City,2023,2214.2
Maharashtra,NAGPUR,2020,1147.3
Maharashtra,NAGPUR,2022,964.3
Maharashtra,NANDURBAR,2022,836.1
Maharashtra,Nagpur,2019,1146.7
Maharashtra,Nagpur,2021,1035.0
Maharashtra,Nagpur,2022,984.9
Maharashtra,Nagpur,2023,1034.7
Maharashtra,Nanded,2019,1061.4
Maharashtra,Nanded,2022,886.4
Maharashtra,Nanded,2023,913.4
Maharashtra,Nandurbar,2019,1000.9
Maharashtra,Nandurbar,2022,818.2
Maharashtra,Nandurbar,2023,830.0
Maharashtra,Nashik,2019,1089.7
Maharashtra,Nashik,2022,937.0
Maharashtra,Nashik,2023,985.4
Maharashtra,Osmanabad,2019,829.9
Maharashtra,Osmanabad,2022,734.4
Maharashtra,Osmanabad,2023,747.9
Maharashtra,Parbhani,2019,947.9
Maharashtra,Parbhani,2022,848.9
Maharashtra,Parbhani,2023,822.7
Maharashtra,Pune,2019,1169.0
Maharashtra,Pune,2020,1105.3
Maharashtra,Pune,2021,1036.3
Maharashtra,Pune,2022,959.6
Maharashtra,Pune,2023,911.2
Maharashtra,Raigad,2019,3654.8
Maharashtra,Raigad,2022,3221.3
Maharashtra,Raigad,2023,3113.5
Maharashtra,Ratnagiri,2019,3939.5
Maharashtra,Ratnagiri,2022,3387.7
Maharashtra,Ratnagiri,2023,3173.7
Maharashtra,Sangli,2019,780.5
Maharashtra,Sangli,2022,694.4
Maharashtra,Sangli,2023,680.7
Maharashtra,Satara,2019,1037.9
Maharashtra,Satara,2022,892.1
Maharashtra,Satara,2023,845.2
Maharashtra,Sindudurg,2019,1369.4
Maharashtra,Sindudurg,2022,1235.6
Maharashtra,Sindudurg,2023,1174.8
Maharashtra,Solapur,2019,734.1
Maharashtra,Solapur,2022,603.1
Maharashtra,Solapur,2023,617.9
Maharashtra,Thane,2019,2683.2
Maharashtra,Thane,2022,2419.2
Maharashtra,Thane,2023,2378.0
Maharashtra,WASHIM,2022,892.1
Maharashtra,Wardha,2019,1092.2
Maharashtra,Wardha,2022,988.2
Maharashtra,Wardha,2023,1000.4
Maharashtra,Washim,2019,1005.7
Maharashtra,Washim,2022,848.7
Maharashtra,Washim,2023,842.3
Maharashtra,Yavatmal,2019,1096.4
Maharashtra,Yavatmal,2022,933.7
Maharashtra,Yavatmal,2023,928.1
Maharashtra,chandrapur,2019,1361.7
Meghalaya,Dhalai,2019,2733.7
Meghalaya,Dhalai,2020,2764.6
Meghalaya,East Garo Hills,2019,4049.8
Meghalaya,East Garo Hills,2021,3823.9
Meghalaya,East Garo Hills,2022,3336.0
Meghalaya,East Garo Hills,2023,3529.4
Meghalaya,East Khasi Hills,2021,3611.1
Meghalaya,East Khasi Hills,2022,3437.0
Meghalaya,East Khasi Hills,2023,3537.2
Meghalaya,Gomti,2019,4129.1
Meghalaya,Gomti,2020,4211.5
Meghalaya,Khowai,2020,3865.1
Meghalaya,North Garo Hills,2019,3890.7
Meghalaya,North Garo Hills,2021,3727.8
Meghalaya,North Garo Hills,2022,3489.0
Meghalaya,North Garo Hills,2023,3383.7
Meghalaya,North Tripura,2020,2758.5
Meghalaya,Ri Bhoi,2021,3494.9
Meghalaya,Ri Bhoi,2022,3598.3
Meghalaya,Ri Bhoi,2023,3355.2
Meghalaya,Ri-Bhoi,2021,2058.7
Meghalaya,Ribhoi,2023,3367.2
Meghalaya,South West Garo,2022,3411.7
Meghalaya,South West Garo Hill,2023,3312.8
Meghalaya,South West Garo Hills,2021,3653.0
Meghalaya,South West Garo HillsZikzak,2022,3312.2
Meghalaya,West Garo Hill,2023,3565.9
Meghalaya,West Garo Hills,2019,3943.3
Meghalaya,West Garo Hills,2021,3660.6
Meghalaya,West Garo Hills,2022,3593.5
Meghalaya,West Jaintia Hills,2021,3701.0
Meghalaya,West Jaintia Hills,2022,3473.3
Meghalaya,West Khasi Hills,2021,3582.0
Meghalaya,West Khasi Hills,2022,3404.1
Meghalaya,West Khasi Hills,2023,3520.5
Meghalaya,West jaintia Hills,2022,3632.9
Mizoram,Kolasib,2023,2540.9
Mizoram,Mamit,2023,2660.8
Mizoram,Serchhip,2023,2409.8
Nagaland,Dimapur,2019,1431.5
Nagaland,Dimapur,2022,1173.6
Nagaland,Dimapur,2023,1235.2
Nagaland,North Tripura,2020,3011.3
Odisha,ANUGUL,2019,1170.7
Odisha,ANUGUL,2022,1053.6
Odisha,Angul,2020,1440.2
Odisha,Angul,2021,1353.2
Odisha,Anugul,2023,992.3
Odisha,BALANGIR,2019,1204.0
Odisha,BALANGIR,2022,1060.5
Odisha,BALESHWAR,2019,1191.6
Odisha,BALESHWAR,2022,1051.1
Odisha,BARGARH,2019,1432.5
Odisha,BARGARH,2021,1305.7
Odisha,BARGARH,2022,1157.5
Odisha,BAUDH,2019,1197.8
Odisha,BAUDH,2022,998.1
Odisha,BHADARK,2021,1142.6
Odisha,BHADRAK,2019,1728.9
Odisha,BHADRAK,2022,1422.6
Odisha,Balangir,2023,1069.4
Odisha,Baleswar,2020,1201.5
Odisha,Baleswar,2021,1102.5
Odisha,Baragarh,2020,1149.7
Odisha,Bargarh,2023,1219.4
Odisha,Bhadrak,2020,1581.9
Odisha,Bolangir,2020,1542.9
Odisha,Bolangir,2021,1395.4
Odisha,Boudh,2020,1224.0
Odisha,Boudh,2021,1038.5
Odisha,CUTTACK,2019,1638.8
Odisha,CUTTACK,2022,1394.7
Odisha,Cuttack,2020,1633.3
Odisha,Cuttack,2021,1442.5
Odisha,Cuttack,2023,1490.9
Odisha,DEBAGARH,2019,1216.5
Odisha,DEBAGARH,2022,1013.9
Odisha,DHENKANAL,2019,1599.3
Odisha,DHENKANAL,2022,1373.6
Odisha,Deogarh,2020,1688.3
Odisha,Deogarh,2021,1520.5
Odisha,Dhenkanal,2020,1668.4
Odisha,Dhenkanal,2021,1453.9
Odisha,Dhenkanal,2023,1448.8
Odisha,GAJAPATI,2019,1664.8
Odisha,GAJAPATI,2021,1405.3
Odisha,GAJAPATI,2022,1433.6
Odisha,GANJAM,2019,1379.9
Odisha,GANJAM,2021,1332.5
Odisha,GANJAM,2022,1211.6
Odisha,JAGATSINGHAPUR,2019,1255.7
Odisha,JAGATSINGHAPUR,2022,1072.1
Odisha,JAJAPUR,2019,1247.0
Odisha,JAJAPUR,2022,1064.0
Odisha,JHARSUGUDA,2019,1590.1
Odisha,JHARSUGUDA,2021,1398.4
Odisha,JHARSUGUDA,2022,1372.4
Odisha,Jagatsingpur,2020,1159.9
Odisha,Jagatsingpur,2021,1110.2
Odisha,Jajpur,2020,1654.2
Odisha,Jajpur,2021,1598.5
Odisha,Jharsuguda,2020,1629.6
Odisha,Jharsuguda,2023,1430.5
Odisha,KALAHANDI,2019,1486.6
Odisha,KALAHANDI,2022,1366.6
Odisha,KANDHAMAL,2019,1261.2
Odisha,KANDHAMAL,2022,1032.7
Odisha,KENDRAPADA,2021,1100.6
Odisha,KENDRAPARA,2019,1739.5
Odisha,KENDRAPARA,2022,1401.1
Odisha,KENDUJHAR,2019,1210.3
Odisha,KENDUJHAR,2022,1023.5
Odisha,KHORDHA,2019,1167.2
Odisha,KHORDHA,2022,1020.3
Odisha,KORAPUT,2019,1707.7
Odisha,KORAPUT,2022,1452.8
Odisha,Kalahandi,2020,1473.5
Odisha,Kandhamal,2020,1254.5
Odisha,Kandhamala,2021,1094.4
Odisha,Kendrapada,2020,1254.9
Odisha,Kendujhar,2023,1027.0
Odisha,Keonjhar,2020,1176.4
Odisha,Khordha,2020,1199.7
Odisha,Khordha,2023,1027.7
Odisha,Koraput,2020,1698.8
Odisha,Koraput,2023,1546.6
Odisha,MALKANGIRI,2019,1680.8
Odisha,MALKANGIRI,2022,1496.0
Odisha,MAYURBHANJ,2019,1854.2
Odisha,MAYURBHANJ,2022,1506.7
Odisha,Malkangiri,2020,1639.0
Odisha,Mayurbhanj,2020,1861.0
Odisha,Mayurbhanj,2021,1637.5
Odisha,Mayurbhanj,2023,1492.1
Odisha,NABARANGAPUR,2019,1269.9
Odisha,NABARANGAPUR,2022,988.3
Odisha,NAYAGARH,2019,1626.2
Odisha,NAYAGARH,2022,1429.0
Odisha,NUAPADA,2019,1178.4
Odisha,NUAPADA,2022,997.0
Odisha,Nabarangpur,2021,1047.8
Odisha,Nawarangpur,2020,1774.3
Odisha,Nayagarh,2020,1517.5
Odisha,Nayagarh,2021,1463.2
Odisha,Nayagarh,2023,1303.4
Odisha,Nuapada,2020,1200.1
Odisha,Nuapada,2021,1143.1
Odisha,Nuapada,2023,1066.5
Odisha,PURI,2019,1575.8
Odisha,PURI,2022,1305.4
Odisha,Puri,2020,1562.8
Odisha,Puri,2023,1334.8
Odisha,RAYAGADA,2019,1448.8
Odisha,RAYAGADA,2022,1201.2
Odisha,Rayagada,2020,1502.2
Odisha,SAMBALPUR,2019,1678.4
Odisha,SAMBALPUR,2022,1397.5
Odisha,SONAPUR,2019,1194.0
Odisha,SONAPUR,2022,1025.1
Odisha,SUNDARGARH,2019,1531.1
Odisha,SUNDARGARH,2022,1296.5
Odisha,SUNDERGARH,2021,1118.3
Odisha,Sambalpur,2020,1589.8
Odisha,Sambalpur,2021,1505.4
Odisha,Sambalpur,2023,1438.8
Odisha,Sonapur,2023,984.3
Odisha,Sonepur,2020,1484.5
Odisha,Sonepur,2021,1417.4
Odisha,Sundargarh,2020,1415.8
Odisha,Sundargarh,2021,1339.0
Odisha,Sundargarh,2023,1230.9
Odisha,Sundergarh,2020,1140.5
Puducherry,Karaikal,2019,1612.0
Puducherry,Karaikal,2022,1481.4
Puducherry,Pondicherry,2019,1514.5
Puducherry,Pondicherry,2022,1314.0
Puducherry,Pondicherry,2023,1254.8
Punjab,Amritsar,2019,762.9
Punjab,Amritsar,2020,790.4
Punjab,Amritsar,2021,711.2
Punjab,Amritsar,2022,701.8
Punjab,Amritsar,2023,651.1
Punjab,Barnala,2019,493.8
Punjab,Barnala,2020,472.7
Punjab,Barnala,2021,437.1
Punjab,Barnala,2022,432.5
Punjab,Barnala,2023,421.4
Punjab,Bathinda,2019,443.1
Punjab,Bathinda,2022,379.4
Punjab,Bathinda,2023,381.9
Punjab,Bhatinda,2020,727.1
Punjab,Bhatinda,2021,667.2
Punjab,Faridkot,2019,478.0
Punjab,Faridkot,2020,466.0
Punjab,Faridkot,2021,403.8
Punjab,Faridkot,2022,398.0
Punjab,Faridkot,2023,388.2
Punjab,Fatehgarh Sahib,2019,695.9
Punjab,Fatehgarh Sahib,2020,731.0
Punjab,Fatehgarh Sahib,2021,612.4
Punjab,Fatehgarh Sahib,2022,634.1
Punjab,Fatehgarh Sahib,2023,607.3
Punjab,Fazilka,2019,723.2
Punjab,Fazilka,2020,718.2
Punjab,Fazilka,2021,667.4
Punjab,Fazilka,2022,618.0
Punjab,Fazilka,2023,616.6
Punjab,Ferozepur,2019,479.4
Punjab,Ferozepur,2022,429.1
Punjab,Ferozepur,2023,413.3
Punjab,Firozpur,2020,723.7
Punjab,Firozpur,2021,642.8
Punjab,Gurdaspur,2019,1245.8
Punjab,Gurdaspur,2020,1157.0
Punjab,Gurdaspur,2021,1055.6
Punjab,Gurdaspur,2022,1068.4
Punjab,Gurdaspur,2023,1001.0
Punjab,Hoshiarpur,2019,982.4
Punjab,Hoshiarpur,2020,967.5
Punjab,Hoshiarpur,2021,965.9
Punjab,Hoshiarpur,2022,897.9
Punjab,Hoshiarpur,2023,864.2
Punjab,Hosiarpur,2019,698.9
Punjab,Jalandhar,2019,779.1
Punjab,Jalandhar,2020,805.3
Punjab,Jalandhar,2021,723.4
Punjab,Jalandhar,2022,654.7
Punjab,Jalandhar,2023,653.9
Punjab,Kapurthala,2019,599.7
Punjab,Kapurthala,2020,629.0
Punjab,Kapurthala,2021,577.2
Punjab,Kapurthala,2022,521.4
Punjab,Kapurthala,2023,508.3
Punjab,Ludhiana,2019,722.6
Punjab,Ludhiana,2020,782.3
Punjab,Ludhiana,2021,664.9
Punjab,Ludhiana,2022,661.8
Punjab,Ludhiana,2023,652.5
Punjab,Mansa,2019,456.3
Punjab,Mansa,2020,444.1
Punjab,Mansa,2021,399.9
Punjab,Mansa,2022,399.2
Punjab,Mansa,2023,405.4
Punjab,Moga,2019,514.0
Punjab,Moga,2020,503.6
Punjab,Moga,2021,435.1
Punjab,Moga,2022,453.2
Punjab,Moga,2023,445.9
Punjab,Muktsar,2019,430.3
Punjab,Muktsar,2020,456.4
Punjab,Muktsar,2021,399.5
Punjab,Muktsar,2022,378.6
Punjab,Muktsar,2023,384.8
Punjab,Nawanshahar,2019,735.6
Punjab,Nawanshahar,2020,718.0
Punjab,Nawanshahar,2021,618.2
Punjab,Nawanshahr,2022,930.0
Punjab,Nawanshahr,2023,985.7
Punjab,Pathankot,2019,693.8
Punjab,Pathankot,2020,697.9
Punjab,Pathankot,2021,637.7
Punjab,Pathankot,2022,605.9
Punjab,Pathankot,2023,616.5
Punjab,Patiala,2019,863.9
Punjab,Patiala,2020,798.4
Punjab,Patiala,2021,716.3
Punjab,Patiala,2022,685.5
Punjab,Patiala,2023,734.2
Punjab,Ropar,2019,723.8
Punjab,Roper,2020,691.8
Punjab,Roper,2021,662.3
Punjab,Rupnagar,2022,931.6
Punjab,Rupnagar,2023,930.3
Punjab,SAS Nagar,2019,743.3
Punjab,SAS Nagar,2020,689.4
Punjab,SAS Nagar,2021,658.4
Punjab,SAS Nagar,2022,607.2
Punjab,Sangrur,2019,634.1
Punjab,Sangrur,2020,621.4
Punjab,Sangrur,2021,567.1
Punjab,Sangrur,2022,532.1
Punjab,Sangrur,2023,507.1
Punjab,Sas Nagar,2023,612.4
Punjab,Taran Taran,2020,741.2
Punjab,Taran Taran,2021,670.1
Punjab,Tarn Taran,2019,471.5
Punjab,Tarn Taran,2021,429.8
Punjab,Tarn Taran,2022,406.7
Punjab,Tarn Taran,2023,431.8
Rajasthan,AJMER,2019,524.6
Rajasthan,AJMER,2020,489.4
Rajasthan,AJMER,2021,457.8
Rajasthan,AJMER,2022,449.3
Rajasthan,ALWAR,2019,710.1
Rajasthan,ALWAR,2020,690.6
Rajasthan,ALWAR,2021,630.2
Rajasthan,ALWAR,2022,593.5
Rajasthan,Ajmer,2023,425.7
Rajasthan,Alwar,2023,596.9
Rajasthan,BANSWARA,2019,989.6
Rajasthan,BANSWARA,2020,998.4
Rajasthan,BANSWARA,2021,886.1
Rajasthan,BANSWARA,2022,851.7
Rajasthan,BARAN,2019,906.1
Rajasthan,BARAN,2020,925.9
Rajasthan,BARAN,2021,802.8
Rajasthan,BARAN,2022,781.2
Rajasthan,BARMER,2019,302.2
Rajasthan,BARMER,2020,307.2
Rajasthan,BARMER,2021,255.3
Rajasthan,BARMER,2022,250.0
Rajasthan,BHARATPUR,2019,703.7
Rajasthan,BHARATPUR,2020,657.0
Rajasthan,BHARATPUR,2021,618.3
Rajasthan,BHARATPUR,2022,597.4
Rajasthan,BHILWARA,2019,701.3
Rajasthan,BHILWARA,2020,665.5
Rajasthan,BHILWARA,2021,614.9
Rajasthan,BHILWARA,2022,609.2
Rajasthan,BIKANER,2019,303.0
Rajasthan,BIKANER,2020,283.9
Rajasthan,BIKANER,2021,278.3
Rajasthan,BIKANER,2022,245.6
Rajasthan,BUNDI,2019,795.2
Rajasthan,BUNDI,2020,746.2
Rajasthan,BUNDI,2021,730.5
Rajasthan,BUNDI,2022,654.5
Rajasthan,Banswara,2022,815.7
Rajasthan,Banswara,2023,800.9
Rajasthan,Baran,2023,786.0
Rajasthan,Barmer,2021,275.9
Rajasthan,Barmer,2022,265.0
Rajasthan,Barmer,2023,249.2
Rajasthan,Bharatpur,2023,580.8
Rajasthan,Bhilwara,2023,605.5
Rajasthan,Bikaner,2023,267.5
Rajasthan,Bundi,2023,669.4
Rajasthan,CHITTAURGARH,2019,632.8
Rajasthan,CHITTAURGARH,2020,628.4
Rajasthan,CHITTAURGARH,2021,587.0
Rajasthan,CHITTAURGARH,2022,519.5
Rajasthan,CHURU,2019,411.4
Rajasthan,CHURU,2020,397.0
Rajasthan,CHURU,2021,376.7
Rajasthan,CHURU,2022,333.3
Rajasthan,Chittaurgarh,2023,551.5
Rajasthan,Churu,2023,346.8
Rajasthan,DAUSA,2019,752.8
Rajasthan,DAUSA,2020,703.5
Rajasthan,DAUSA,2021,673.4
Rajasthan,DAUSA,2022,638.2
Rajasthan,DHAULPUR,2019,643.6
Rajasthan,DHAULPUR,2020,640.5
Rajasthan,DHAULPUR,2021,585.9
Rajasthan,DHAULPUR,2022,563.4
Rajasthan,DUNGARPUR,2019,728.4
Rajasthan,DUNGARPUR,2020,762.8
Rajasthan,DUNGARPUR,2021,670.9
Rajasthan,DUNGARPUR,2022,610.2
Rajasthan,Dausa,2023,606.3
Rajasthan,Dhaulpur,2023,537.6
Rajasthan,Dungarpur,2023,655.3
Rajasthan,GANGANAGAR,2019,653.0
Rajasthan,GANGANAGAR,2020,652.2
Rajasthan,GANGANAGAR,2021,576.8
Rajasthan,GANGANAGAR,2022,543.4
Rajasthan,GANGANAGAR Sri,2022,527.4
Rajasthan,Ganganagar,2021,565.9
Rajasthan,Ganganagar,2023,543.1
Rajasthan,HANUMANGARH,2019,318.1
Rajasthan,HANUMANGARH,2020,319.6
Rajasthan,HANUMANGARH,2021,301.5
Rajasthan,HANUMANGARH,2022,290.2
Rajasthan,Hanumangarh,2023,297.6
Rajasthan,JAIPUR,2019,662.4
Rajasthan,JAIPUR,2020,638.1
Rajasthan,JAIPUR,2021,566.9
Rajasthan,JAIPUR,2022,550.0
Rajasthan,JAISALMER,2019,205.0
Rajasthan,JAISALMER,2020,190.0
Rajasthan,JAISALMER,2022,168.8
Rajasthan,JALORE,2019,485.8
Rajasthan,JALORE,2020,460.1
Rajasthan,JALORE,2022,404.4
Rajasthan,JHALAWAR,2019,1021.1
Rajasthan,JHALAWAR,2020,971.4
Rajasthan,JHALAWAR,2021,898.4
Rajasthan,JHALAWAR,2022,850.7
Rajasthan,JHUNJHUNU,2019,504.0
Rajasthan,JHUNJHUNU,2020,499.3
Rajasthan,JHUNJHUNU,2021,492.0
Rajasthan,JHUNJHUNU,2022,441.9
Rajasthan,JODHPUR,2019,339.5
Rajasthan,JODHPUR,2020,329.1
Rajasthan,JODHPUR,2021,318.5
Rajasthan,JODHPUR,2022,282.6
Rajasthan,Jaipur,2023,538.8
Rajasthan,Jaisalmer,2019,206.7
Rajasthan,Jaisalmer,2021,185.5
Rajasthan,Jaisalmer,2023,165.0
Rajasthan,Jalore,2021,435.6
Rajasthan,Jalore,2023,399.8
Rajasthan,Jhalawar,2023,863.5
Rajasthan,Jhunjhunu,2023,435.6
Rajasthan,Jodhpur,2019,324.7
Rajasthan,Jodhpur,2021,312.0
Rajasthan,Jodhpur,2023,289.5
Rajasthan,KARAULI,2019,761.0
Rajasthan,KARAULI,2020,776.3
Rajasthan,KARAULI,2021,707.5
Rajasthan,KARAULI,2022,632.1
Rajasthan,KOTA,2019,898.5
Rajasthan,KOTA,2020,848.5
Rajasthan,KOTA,2021,819.9
Rajasthan,KOTA,2022,771.3
Rajasthan,Karauli,2023,684.3
Rajasthan,Kota,2023,726.7
Rajasthan,NAGAUR,2019,414.3
Rajasthan,NAGAUR,2020,420.2
Rajasthan,NAGAUR,2021,380.9
Rajasthan,NAGAUR,2022,361.1
Rajasthan,Nagaur,2019,451.1
Rajasthan,Nagaur,2023,361.2
Rajasthan,PALI,2019,522.1
Rajasthan,PALI,2020,543.1
Rajasthan,PALI,2021,478.4
Rajasthan,PALI,2022,469.2
Rajasthan,PRATAPGARH,2019,992.8
Rajasthan,PRATAPGARH,2020,1027.2
Rajasthan,PRATAPGARH,2021,890.6
Rajasthan,PRATAPGARH,2022,848.2
Rajasthan,Pali,2021,500.4
Rajasthan,Pali,2023,440.1
Rajasthan,Pratapgarh,2022,889.9
Rajasthan,Pratapgarh,2023,879.1
Rajasthan,RAJSAMAND,2019,600.6
Rajasthan,RAJSAMAND,2020,628.6
Rajasthan,RAJSAMAND,2021,522.7
Rajasthan,RAJSAMAND,2022,529.8
Rajasthan,Rajsamand,2023,545.4
Rajasthan,SAWAI MADHOPUR,2019,797.9
Rajasthan,SAWAI MADHOPUR,2020,820.2
Rajasthan,SAWAI MADHOPUR,2021,681.8
Rajasthan,SAWAI MADHOPUR,2022,672.2
Rajasthan,SIKAR,2019,497.9
Rajasthan,SIKAR,2020,517.2
Rajasthan,SIKAR,2021,481.3
Rajasthan,SIKAR,2022,425.4
Rajasthan,SIROHI,2019,1020.2
Rajasthan,SIROHI,2020,965.5
Rajasthan,SIROHI,2022,864.2
Rajasthan,Sawai Madhopur,2023,675.3
Rajasthan,Sikar,2023,456.6
Rajasthan,Sirohi,2021,914.1
Rajasthan,Sirohi,2023,845.7
Rajasthan,TONK,2019,649.2
Rajasthan,TONK,2020,645.8
Rajasthan,TONK,2021,591.1
Rajasthan,TONK,2022,562.7
Rajasthan,Tonk,2023,597.3
Rajasthan,UDAIPUR,2019,708.0
Rajasthan,UDAIPUR,2020,698.9
Rajasthan,UDAIPUR,2021,608.9
Rajasthan,UDAIPUR,2022,623.0
Rajasthan,Udaipur,2022,614.7
Rajasthan,Udaipur,2023,575.3
Tamil Nadu,0gapatti0m,2019,1078.0
Tamil Nadu,0makkal,2019,1060.6
Tamil Nadu,Ariyalur,2019,1129.7
Tamil Nadu,Ariyalur,2022,1003.3
Tamil Nadu,Ariyalur,2023,1006.0
Tamil Nadu,CHENNAI,2022,1203.1
Tamil Nadu,COIMBATORE,2019,792.0
Tamil Nadu,CUDDALORE,2022,1174.0
Tamil Nadu,Chen0i,2019,1073.9
Tamil Nadu,Chennai,2020,1437.9
Tamil Nadu,Chennai,2021,1299.4
Tamil Nadu,Chennai,2022,1263.5
Tamil Nadu,Chennai,2023,1250.4
Tamil Nadu,Coimbatore,2022,619.6
Tamil Nadu,Coimbatore,2023,648.8
Tamil Nadu,Cuddalore,2019,1368.0
Tamil Nadu,Cuddalore,2021,1189.8
Tamil Nadu,Cuddalore,2022,1083.5
Tamil Nadu,Cuddalore,2023,1166.8
Tamil Nadu,DHARMAPURI,2019,962.7
Tamil Nadu,Dharmapuri,2019,968.4
Tamil Nadu,Dharmapuri,2021,863.1
Tamil Nadu,Dharmapuri,2022,833.6
Tamil Nadu,Dharmapuri,2023,869.7
Tamil Nadu,Dindigul,2019,1025.8
Tamil Nadu,Dindigul,2021,894.2
Tamil Nadu,Dindigul,2022,907.9
Tamil Nadu,Dindigul,2023,908.1
Tamil Nadu,Dindugal,2021,985.6
Tamil Nadu,Erode,2019,753.0
Tamil Nadu,Erode,2022,657.5
Tamil Nadu,Erode,2023,692.8
Tamil Nadu,KANCHEEPURAM,2019,1084.7
Tamil Nadu,KANYAKUMARI,2019,1365.0
Tamil Nadu,KARUR,2019,689.2
Tamil Nadu,Kancheepuram,2019,1052.2
Tamil Nadu,Kancheepuram,2020,1089.2
Tamil Nadu,Kancheepuram,2021,954.1
Tamil Nadu,Kancheepuram,2022,902.2
Tamil Nadu,Kancheepuram,2023,866.8
Tamil Nadu,Kanyakumari,2021,1309.7
Tamil Nadu,Kanyakumari,2022,1263.8
Tamil Nadu,Kanyakumari,2023,1209.7
Tamil Nadu,Karur,2022,632.7
Tamil Nadu,Karur,2023,644.3
Tamil Nadu,Krish0giri,2019,1024.7
Tamil Nadu,Krishnagiri,2021,844.2
Tamil Nadu,Krishnagiri,2022,782.6
Tamil Nadu,Krishnagiri,2023,823.1
Tamil Nadu,Madurai,2019,1028.6
Tamil Nadu,Madurai,2021,931.0
Tamil Nadu,Madurai,2022,898.2
Tamil Nadu,Madurai,2023,863.2
Tamil Nadu,Nagapattinam,2022,1364.1
Tamil Nadu,Nagapattinam,2023,1314.0
Tamil Nadu,Namakkal,2022,720.3
Tamil Nadu,Namakkal,2023,760.4
Tamil Nadu,Nilgiris,2022,1473.3
Tamil Nadu,Nilgiris,2023,1405.1
Tamil Nadu,Perambalur,2019,982.0
Tamil Nadu,Perambalur,2022,843.1
Tamil Nadu,Perambalur,2023,792.1
Tamil Nadu,Pudukkottai,2019,1023.3
Tamil Nadu,Pudukkottai,2022,804.2
Tamil Nadu,Pudukkottai,2023,809.3
Tamil Nadu,RAMANATHAPURAMTHIRUPPULLANI,2022,873.9
Tamil Nadu,Rama0thapuram,2019,1097.6
Tamil Nadu,Ramanathapuram,2022,916.3
Tamil Nadu,Ramanathapuram,2023,871.0
Tamil Nadu,Ranipet,2020,1040.2
Tamil Nadu,Salem,2019,1110.3
Tamil Nadu,Salem,2021,946.8
Tamil Nadu,Salem,2022,973.9
Tamil Nadu,Salem,2023,966.5
Tamil Nadu,Sivaganga,2019,960.6
Tamil Nadu,Sivaganga,2022,858.8
Tamil Nadu,Sivaganga,2023,813.7
Tamil Nadu,T.V. Malai,2019,1107.1
Tamil Nadu,THIRUVALLUR,2022,917.6
Tamil Nadu,THIRUVAN0MALAI,2019,1070.2
Tamil Nadu,TIRUNELVELI,2019,898.6
Tamil Nadu,TIRUPUR,2019,706.0
Tamil Nadu,TUTICORIN,2019,1048.3
Tamil Nadu,Thanjavur,2019,1076.8
Tamil Nadu,Thanjavur,2022,905.9
Tamil Nadu,Thanjavur,2023,958.0
Tamil Nadu,Theni,2019,794.2
Tamil Nadu,Theni,2021,728.4
Tamil Nadu,Theni,2022,703.2
Tamil Nadu,Theni,2023,648.3
Tamil Nadu,Thiruvallur,2023,923.3
Tamil Nadu,Thiruvannamalai,2021,920.7
Tamil Nadu,Thiruvannamalai,2022,934.7
Tamil Nadu,Thiruvannamalai,2023,931.2
Tamil Nadu,Tirunelveli,2021,840.1
Tamil Nadu,Tirunelveli,2022,811.1
Tamil Nadu,Tirunelveli,2023,779.6
Tamil Nadu,Tiruppur,2022,899.8
Tamil Nadu,Tiruvallur,2019,1293.9
Tamil Nadu,Tiruvallur,2020,1237.1
Tamil Nadu,Tiruvallur,2021,1112.2
Tamil Nadu,Tiruvallur,2022,1070.6
Tamil Nadu,Tiruvallur,2023,1106.4
Tamil Nadu,Tiruvarur,2019,1269.4
Tamil Nadu,Tiruvarur,2022,1066.9
Tamil Nadu,Tiruvarur,2023,1126.3
Tamil Nadu,Trichy,2019,1090.4
Tamil Nadu,Trichy,2022,866.4
Tamil Nadu,Trichy,2023,878.9
Tamil Nadu,Tuticorin,2021,916.4
Tamil Nadu,Tuticorin,2022,888.7
Tamil Nadu,Tuticorin,2023,897.9
Tamil Nadu,VIRUDHU0GAR,2019,1082.3
Tamil Nadu,Vellore,2019,1045.4
Tamil Nadu,Vellore,2021,938.0
Tamil Nadu,Vellore,2022,867.0
Tamil Nadu,Vellore,2023,910.1
Tamil Nadu,Villupuram,2019,1053.0
Tamil Nadu,Villupuram,2021,995.9
Tamil Nadu,Villupuram,2022,914.5
Tamil Nadu,Villupuram,2023,868.7
Tamil Nadu,Virudhunagar,2021,826.2
Tamil Nadu,Virudhunagar,2022,757.4
Tamil Nadu,Virudhunagar,2023,785.3
Telangana,ADILABAD,2019,1179.0
Telangana,ADILABAD,2022,1018.6
Telangana,Adilabad,2022,1090.3
Telangana,Adilabad,2023,1024.1
Telangana,B.Kothagudem,2023,1068.9
Telangana,HYDERABAD,2019,915.8
Telangana,HYDERABAD,2022,811.7
Telangana,Hanamkonda,2023,1054.1
Telangana,Hyderabad,2021,843.9
Telangana,Hyderabad,2022,784.6
Telangana,Hyderabad,2023,777.2
Telangana,J.Bhupalapally,2023,985.7
Telangana,Jagtial,2023,1013.7
Telangana,Jangaon,2023,1049.8
Telangana,Jogulamba,2023,1079.3
Telangana,KARIMNAGAR,2019,1117.8
Telangana,KARIMNAGAR,2022,945.5
Telangana,KHAMMAM,2019,1239.1
Telangana,KHAMMAM,2022,1046.2
Telangana,Kamareddy,2023,1009.2
Telangana,Karimnagar,2022,958.5
Telangana,Karimnagar,2023,936.7
Telangana,Kb Asifabad,2023,1040.2
Telangana,Khammam,2022,989.2
Telangana,Khammam,2023,1023.8
Telangana,MAHABUBNAGAR,2019,801.0
Telangana,MAHBUBNAGAR,2022,1071.7
Telangana,MEDAK,2019,1019.3
Telangana,MEDAK,2022,856.6
Telangana,Mahabubabad,2023,1083.3
Telangana,Mahabubnagar,2023,660.5
Telangana,Mancherial,2023,1026.0
Telangana,Medak,2021,871.3
Telangana,Medak,2022,887.8
Telangana,Medak,2023,903.2
Telangana,Medchal Malkanjgiri,2023,1011.3
Telangana,Mulugu,2023,1071.1
Telangana,NALGONDA,2019,819.2
Telangana,NALGONDA,2022,744.2
Telangana,NIZAMABAD,2019,1231.6
Telangana,NIZAMABAD,2022,1057.7
Telangana,Nagarkurnool,2023,984.2
Telangana,Nalgonda,2022,748.0
Telangana,Nalgonda,2023,731.1
Telangana,Narayanpet,2023,1013.8
Telangana,Nirmal,2023,1068.1
Telangana,Nizamabad,2022,1004.0
Telangana,Nizamabad,2023,1064.6
Telangana,Pedapalle,2023,993.9
Telangana,R. Sircilla,2023,1055.1
Telangana,RANGA REDDY,2019,1214.9
Telangana,RANGA REDDY,2022,992.3
Telangana,Ranga Reddy,2021,1060.9
Telangana,Ranga Reddy,2022,983.6
Telangana,Rangareddy,2023,788.8
Telangana,Sangareddy,2023,1013.5
Telangana,Siddipet,2023,1044.2
Telangana,Suryapet,2023,1013.0
Telangana,Vikarabad,2023,1013.3
Telangana,WARANGAL,2019,1112.0
Telangana,WARANGAL,2022,885.8
Telangana,Wanaparthy,2023,1075.7
Telangana,Warangal,2022,960.4
Telangana,Warangal,2023,943.3
Telangana,Yadadri Bhuvanagiri,2023,1043.6
Tripura,Cachar,2020,3397.4
Tripura,Dhalai,2019,2676.9
Tripura,Dhalai,2021,2382.7
Tripura,Dhalai,2022,2300.3
Tripura,Dhalai,2023,2431.4
Tripura,East Khasi Hills,2020,2576.5
Tripura,Gomati,2019,2749.6
Tripura,Gomati,2022,2445.8
Tripura,Gomti,2019,2824.0
Tripura,Gomti,2021,2459.6
Tripura,Gomti,2023,2228.7
Tripura,Hailakandi,2019,3006.6
Tripura,Hailakandi,2020,2912.2
Tripura,Karimganj,2020,3826.1
Tripura,Khowai,2019,2616.3
Tripura,Khowai,2021,2554.9
Tripura,Khowai,2022,2369.8
Tripura,Khowai,2023,2407.1
Tripura,North Tripura,2019,3016.1
Tripura,North Tripura,2020,2900.2
Tripura,North Tripura,2021,2619.9
Tripura,North Tripura,2022,2466.0
Tripura,North Tripura,2023,2437.8
Tripura,Ri-Bhoi,2020,2292.3
Tripura,Sepahijala,2019,2801.7
Tripura,Sepahijala,2020,2729.8
Tripura,Sepahijala,2021,2550.7
Tripura,Sepahijala,2022,2317.2
Tripura,Sepahijala,2023,2355.3
Tripura,South Tripura,2019,2758.7
Tripura,South Tripura,2020,2722.9
Tripura,South Tripura,2021,2500.3
Tripura,South Tripura,2022,2265.8
Tripura,South Tripura,2023,2329.8
Tripura,Unakoti,2019,2619.1
Tripura,Unakoti,2020,2671.0
Tripura,Unakoti,2021,2451.3
Tripura,Unakoti,2022,2365.9
Tripura,Unakoti,2023,2435.4
Tripura,West Tripura,2019,2540.7
Tripura,West Tripura,2020,2553.2
Tripura,West Tripura,2021,2265.3
Tripura,West Tripura,2022,2178.3
Tripura,West Tripura,2023,2057.3
Tripura,West jaintia Hills,2020,2635.9
Uttar Pradesh,AGRA,2022,718.1
Uttar Pradesh,Agra,2019,849.7
Uttar Pradesh,Agra,2021,732.0
Uttar Pradesh,Agra,2023,701.9
Uttar Pradesh,Aligarh,2019,829.2
Uttar Pradesh,Aligarh,2021,799.3
Uttar Pradesh,Aligarh,2022,712.5
Uttar Pradesh,Aligarh,2023,723.4
Uttar Pradesh,Allahabad,2019,962.7
Uttar Pradesh,Allahabad,2020,994.7
Uttar Pradesh,Allahabad,2022,829.8
Uttar Pradesh,Allahabad/ Prayagraj,2023,871.8
Uttar Pradesh,Ambedkar Nagar,2021,1004.8
Uttar Pradesh,Ambedkar Nagar,2023,905.4
Uttar Pradesh,Ambedkar nagar,2022,905.6
Uttar Pradesh,Ambedkarnagar,2019,1021.5
Uttar Pradesh,Amethi,2023,856.5
Uttar Pradesh,Amroha,2023,862.9
Uttar Pradesh,Auraiya,2019,878.7
Uttar Pradesh,Auraiya,2021,828.1
Uttar Pradesh,Auraiya,2022,768.7
Uttar Pradesh,Auraiya,2023,764.2
Uttar Pradesh,Auriya,2022,879.6
Uttar Pradesh,Ayodhya,2023,936.9
Uttar Pradesh,Azamgarh,2019,1152.1
Uttar Pradesh,Azamgarh,2020,1105.9
Uttar Pradesh,Azamgarh,2021,1060.0
Uttar Pradesh,Azamgarh,2022,956.4
Uttar Pradesh,Azamgarh,2023,979.4
Uttar Pradesh,BAHRAICH,2022,1080.5
Uttar Pradesh,BALRAMPUR,2022,1216.9
Uttar Pradesh,BANDA,2022,886.0
Uttar Pradesh,BASTI,2022,1019.1
Uttar Pradesh,BIJNOR,2022,1068.3
Uttar Pradesh,Baghpat,2021,911.0
Uttar Pradesh,Baghpat,2022,877.9
Uttar Pradesh,Baghpat,2023,888.7
Uttar Pradesh,Bagpat,2019,705.2
Uttar Pradesh,Bagpat,2020,698.0
Uttar Pradesh,Bahraich,2019,1315.0
Uttar Pradesh,Bahraich,2021,1161.5
Uttar Pradesh,Bahraich,2023,1091.3
Uttar Pradesh,Ballia,2019,1001.6
Uttar Pradesh,Ballia,2021,948.7
Uttar Pradesh,Ballia,2022,912.2
Uttar Pradesh,Ballia,2023,900.5
Uttar Pradesh,Balrampur,2019,1304.3
Uttar Pradesh,Balrampur,2021,1252.3
Uttar Pradesh,Balrampur,2022,1120.4
Uttar Pradesh,Balrampur,2023,1144.6
Uttar Pradesh,Banda,2020,982.8
Uttar Pradesh,Banda,2021,943.5
Uttar Pradesh,Banda,2022,903.2
Uttar Pradesh,Banda,2023,852.4
Uttar Pradesh,Barabanki,2019,1147.5
Uttar Pradesh,Barabanki,2021,1040.3
Uttar Pradesh,Barabanki,2022,979.1
Uttar Pradesh,Barabanki,2023,954.5
Uttar Pradesh,Bareilly,2019,1087.4
Uttar Pradesh,Bareilly,2021,1011.4
Uttar Pradesh,Bareilly,2022,896.6
Uttar Pradesh,Bareilly,2023,897.5
Uttar Pradesh,Basti,2019,1152.0
Uttar Pradesh,Basti,2021,1098.5
Uttar Pradesh,Basti,2022,1015.8
Uttar Pradesh,Basti,2023,1016.8
Uttar Pradesh,Bhadohi,2020,1027.1
Uttar Pradesh,Bijnor,2019,1202.6
Uttar Pradesh,Bijnor,2021,1019.7
Uttar Pradesh,Bijnor,2023,1032.0
Uttar Pradesh,Budaun,2019,1094.4
Uttar Pradesh,Budaun,2021,956.5
Uttar Pradesh,Budaun,2022,931.7
Uttar Pradesh,Budaun,2023,918.2
Uttar Pradesh,Bula0sahar,2019,1011.1
Uttar Pradesh,Bulandshahar,2022,761.7
Uttar Pradesh,Bulandshahar,2023,700.5
Uttar Pradesh,Bulandshahr,2021,949.1
Uttar Pradesh,Bulandshahr,2022,866.0
Uttar Pradesh,Bulandshar,2022,854.3
Uttar Pradesh,CHITRAKOOT,2022,891.1
Uttar Pradesh,Cha0auli,2019,1029.4
Uttar Pradesh,Chandauli,2020,1033.6
Uttar Pradesh,Chandauli,2021,947.4
Uttar Pradesh,Chandauli,2022,851.9
Uttar Pradesh,Chandauli,2023,859.0
Uttar Pradesh,Chitrakoot,2019,1057.2
Uttar Pradesh,Chitrakoot,2020,1025.1
Uttar Pradesh,Chitrakoot,2021,967.6
Uttar Pradesh,Chitrakoot,2023,911.8
Uttar Pradesh,Deoria,2019,1237.0
Uttar Pradesh,Deoria,2021,1096.8
Uttar Pradesh,Deoria,2022,1014.6
Uttar Pradesh,Deoria,2023,1039.5
Uttar Pradesh,ETAH,2022,656.5
Uttar Pradesh,Etah,2019,770.6
Uttar Pradesh,Etah,2021,727.7
Uttar Pradesh,Etah,2023,667.9
Uttar Pradesh,Etawah,2019,939.8
Uttar Pradesh,Etawah,2021,847.8
Uttar Pradesh,Etawah,2022,807.7
Uttar Pradesh,Etawah,2023,812.3
Uttar Pradesh,FARRUKHABAD,2022,796.6
Uttar Pradesh,FATEHPUR,2022,844.7
Uttar Pradesh,FIROZABAD,2022,725.5
Uttar Pradesh,Faizabad,2019,1209.6
Uttar Pradesh,Faizabad,2021,1114.0
Uttar Pradesh,Faizabad,2022,1068.7
Uttar Pradesh,Faizabad / Ayodhya,2023,915.0
Uttar Pradesh,Farrukhabad,2019,926.9
Uttar Pradesh,Farrukhabad,2023,775.4
Uttar Pradesh,Fatehpur,2019,999.7
Uttar Pradesh,Fatehpur,2020,961.9
Uttar Pradesh,Fatehpur,2021,941.4
Uttar Pradesh,Fatehpur,2022,847.0
Uttar Pradesh,Fatehpur,2023,830.6
Uttar Pradesh,Ferrukabad,2021,901.0
Uttar Pradesh,Firozabad,2019,854.3
Uttar Pradesh,Firozabad,2021,768.2
Uttar Pradesh,Firozabad,2023,708.1
Uttar Pradesh,G.B nagar,2022,859.7
Uttar Pradesh,G.B. Nagar,2023,890.0
Uttar Pradesh,G.B.Nagar,2022,881.2
Uttar Pradesh,GONDA,2022,1109.8
Uttar Pradesh,GORAKHPUR,2022,1271.3
Uttar Pradesh,Gautam Buddha,2022,620.6
Uttar Pradesh,Gautam Buddha Nagar,2021,919.2
Uttar Pradesh,Gautam Budhha,2019,1102.3
Uttar Pradesh,Gaziabad,2022,894.0
Uttar Pradesh,Ghaziabad,2019,858.8
Uttar Pradesh,Ghaziabad,2020,805.2
Uttar Pradesh,Ghaziabad,2021,757.5
Uttar Pradesh,Ghaziabad,2022,686.3
Uttar Pradesh,Ghaziabad,2023,720.7
Uttar Pradesh,Ghazipur,2019,1146.2
Uttar Pradesh,Ghazipur,2020,1072.9
Uttar Pradesh,Ghazipur,2021,940.4
Uttar Pradesh,Ghazipur,2022,892.1
Uttar Pradesh,Ghazipur,2023,925.6
Uttar Pradesh,Gonda,2021,1109.5
Uttar Pradesh,Gonda,2023,1038.5
Uttar Pradesh,Gorakhpur,2019,1509.8
Uttar Pradesh,Gorakhpur,2021,1319.4
Uttar Pradesh,Gorakhpur,2023,1231.5
Uttar Pradesh,HAMIRPUR,2022,1396.2
Uttar Pradesh,Hamirpur,2019,1510.7
Uttar Pradesh,Hamirpur,2020,1627.7
Uttar Pradesh,Hamirpur,2021,1387.6
Uttar Pradesh,Hamirpur,2022,1394.7
Uttar Pradesh,Hamirpur,2023,1356.3
Uttar Pradesh,Hapur,2023,927.5
Uttar Pradesh,Hardoi,2019,1058.9
Uttar Pradesh,Hardoi,2021,889.8
Uttar Pradesh,Hardoi,2022,902.9
Uttar Pradesh,Hardoi,2023,853.6
Uttar Pradesh,Hathras,2019,1039.0
Uttar Pradesh,Hathras,2022,883.8
Uttar Pradesh,Hathras,2023,901.8
Uttar Pradesh,J P NAGAR,2022,867.1
Uttar Pradesh,J P Nagar,2019,1056.6
Uttar Pradesh,J.P. Nagar,2021,949.8
Uttar Pradesh,Jalaun,2019,983.8
Uttar Pradesh,Jalaun,2021,891.6
Uttar Pradesh,Jalaun,2022,814.3
Uttar Pradesh,Jalaun,2023,803.0
Uttar Pradesh,Jaunpur,2019,1039.3
Uttar Pradesh,Jaunpur,2020,1023.0
Uttar Pradesh,Jaunpur,2021,916.0
Uttar Pradesh,Jaunpur,2022,895.7
Uttar Pradesh,Jaunpur,2023,889.1
Uttar Pradesh,Jhansi,2019,1072.4
Uttar Pradesh,Jhansi,2021,927.5
Uttar Pradesh,Jhansi,2022,862.2
Uttar Pradesh,Jhansi,2023,882.7
Uttar Pradesh,KANNAUJ,2022,817.6
Uttar Pradesh,KASHIRAMNAGAR,2022,893.1
Uttar Pradesh,Kannauj,2019,1005.1
Uttar Pradesh,Kannauj,2021,892.3
Uttar Pradesh,Kannauj,2023,839.8
Uttar Pradesh,Kanpur Dehat,2019,989.5
Uttar Pradesh,Kanpur Dehat,2021,880.9
Uttar Pradesh,Kanpur Dehat,2022,815.7
Uttar Pradesh,Kanpur Dehat,2023,811.4
Uttar Pradesh,Kanpur Nagar,2019,897.7
Uttar Pradesh,Kanpur Nagar,2020,852.7
Uttar Pradesh,Kanpur Nagar,2021,790.0
Uttar Pradesh,Kanpur Nagar,2022,723.1
Uttar Pradesh,Kanpur Nagar,2023,756.2
Uttar Pradesh,Kasganj,2021,950.0
Uttar Pradesh,Kasganj,2023,873.7
Uttar Pradesh,Kaushambi,2019,991.9
Uttar Pradesh,Kaushambi,2021,888.0
Uttar Pradesh,Kaushambi,2022,828.0
Uttar Pradesh,Kaushambi,2023,812.7
Uttar Pradesh,Kushinagar,2019,1513.2
Uttar Pradesh,Kushinagar,2021,1264.8
Uttar Pradesh,Kushinagar,2022,1283.2
Uttar Pradesh,Kushinagar,2023,1200.2
Uttar Pradesh,Lakhimpur,2022,2766.8
Uttar Pradesh,Lakhimpur,2023,2627.5
Uttar Pradesh,Lakhimpur Kheri,2023,932.0
Uttar Pradesh,Lakhimpur Khiri,2019,1097.7
Uttar Pradesh,Lalitpur,2019,1098.1
Uttar Pradesh,Lalitpur,2021,1020.4
Uttar Pradesh,Lalitpur,2022,1019.3
Uttar Pradesh,Lalitpur,2023,970.9
Uttar Pradesh,Lucknow,2019,1009.2
Uttar Pradesh,Lucknow,2021,884.2
Uttar Pradesh,Lucknow,2022,821.8
Uttar Pradesh,Lucknow,2023,814.4
Uttar Pradesh,MAHOBA,2022,778.1
Uttar Pradesh,MAINPURI,2022,721.9
Uttar Pradesh,MBhaaunnjaatnh,2023,887.9
Uttar Pradesh,MBhaaunnjaatnh Bhanjan,2023,899.1
Uttar Pradesh,MORADABAD,2022,932.6
Uttar Pradesh,Mahamaya Nagar,2021,953.2
Uttar Pradesh,Mahamaya Nagar,2022,931.0
Uttar Pradesh,Maharajganj,2019,1601.5
Uttar Pradesh,Maharajganj,2021,1362.5
Uttar Pradesh,Maharajganj,2023,1348.5
Uttar Pradesh,Mahoba,2019,963.2
Uttar Pradesh,Mahoba,2020,936.7
Uttar Pradesh,Mahoba,2021,883.1
Uttar Pradesh,Mahoba,2023,777.9
Uttar Pradesh,Mahrajganj,2022,863.0
Uttar Pradesh,Mainpuri,2019,852.4
Uttar Pradesh,Mainpuri,2021,736.4
Uttar Pradesh,Mainpuri,2023,727.9
Uttar Pradesh,Mathura,2020,743.0
Uttar Pradesh,Mathura,2021,620.9
Uttar Pradesh,Mathura,2022,640.2
Uttar Pradesh,Mathura,2023,613.4
Uttar Pradesh,Mau,2020,1223.5
Uttar Pradesh,Maunath,2023,909.5
Uttar Pradesh,Maunath Bhanjan,2019,1095.8
Uttar Pradesh,Maunath Bhanjan,2022,854.9
Uttar Pradesh,Maunath Bhanjan,2023,896.0
Uttar Pradesh,Meerut,2019,1028.8
Uttar Pradesh,Meerut,2020,1022.9
Uttar Pradesh,Meerut,2021,926.3
Uttar Pradesh,Meerut,2022,831.4
Uttar Pradesh,Meerut,2023,845.6
Uttar Pradesh,Mirzapur,2019,1087.9
Uttar Pradesh,Mirzapur,2020,1126.8
Uttar Pradesh,Mirzapur,2021,971.2
Uttar Pradesh,Mirzapur,2022,915.7
Uttar Pradesh,Mirzapur,2023,986.1
Uttar Pradesh,Moradabad,2019,1038.5
Uttar Pradesh,Moradabad,2021,1031.9
Uttar Pradesh,Moradabad,2023,949.8
Uttar Pradesh,Muzaffarnagar,2019,987.4
Uttar Pradesh,Muzaffarnagar,2020,927.9
Uttar Pradesh,Muzaffarnagar,2021,818.6
Uttar Pradesh,Muzaffarnagar,2022,836.4
Uttar Pradesh,Muzaffarnagar,2023,844.3
Uttar Pradesh,Pilibhit,2019,1301.5
Uttar Pradesh,Pilibhit,2022,1047.3
Uttar Pradesh,Pilibhit,2023,1113.6
Uttar Pradesh,Pratapgarh,2019,1065.9
Uttar Pradesh,Pratapgarh,2020,1044.8
Uttar Pradesh,Pratapgarh,2021,959.0
Uttar Pradesh,Pratapgarh,2022,917.7
Uttar Pradesh,Pratapgarh,2023,897.1
Uttar Pradesh,Prayagraj,2021,907.0
Uttar Pradesh,Prayagraj,2023,897.0
Uttar Pradesh,RAMPUR,2022,952.2
Uttar Pradesh,Raebareli,2023,889.8
Uttar Pradesh,Rai Bareli,2022,889.8
Uttar Pradesh,Raibareli,2019,1005.4
Uttar Pradesh,Raibareli,2021,931.6
Uttar Pradesh,Raibareli,2022,863.2
Uttar Pradesh,Rampur,2019,1199.2
Uttar Pradesh,Rampur,2021,1093.9
Uttar Pradesh,Rampur,2023,951.6
Uttar Pradesh,SHRAWASTI,2022,939.0
Uttar Pradesh,SIDDHARTH NAGAR,2022,900.1
Uttar Pradesh,SULTANPUR,2022,870.0
Uttar Pradesh,Saharanpur,2019,1015.4
Uttar Pradesh,Saharanpur,2020,1050.7
Uttar Pradesh,Saharanpur,2021,982.4
Uttar Pradesh,Saharanpur,2022,924.8
Uttar Pradesh,Saharanpur,2023,865.3
Uttar Pradesh,Sahjahanpur,2022,859.8
Uttar Pradesh,Sambhal,2023,889.4
Uttar Pradesh,Sant Kabir Nagar,2021,926.5
Uttar Pradesh,Sant Kabir Nagar,2023,874.1
Uttar Pradesh,Sant Kabir nagar,2022,878.4
Uttar Pradesh,Sant Rabidas Nagar,2020,1073.0
Uttar Pradesh,Sant Ravidas Nagar,2019,1096.1
Uttar Pradesh,Sant Ravidas Nagar,2021,936.9
Uttar Pradesh,Sant Ravidas Nagar,2022,934.6
Uttar Pradesh,Sant Ravidas Nagar,2023,882.1
Uttar Pradesh,Shahjahanpur,2019,1109.3
Uttar Pradesh,Shahjahanpur,2023,924.1
Uttar Pradesh,Shamli,2023,910.7
Uttar Pradesh,Shrawasti,2019,1101.3
Uttar Pradesh,Shrawasti,2021,955.7
Uttar Pradesh,Shrawasti,2023,885.3
Uttar Pradesh,Siddharth Nagar,2019,1066.5
Uttar Pradesh,Siddharth Nagar,2021,910.2
Uttar Pradesh,Siddharth Nagar,2023,933.0
Uttar Pradesh,Sitapur,2019,1104.0
Uttar Pradesh,Sitapur,2021,988.2
Uttar Pradesh,Sitapur,2022,951.2
Uttar Pradesh,Sitapur,2023,954.9
Uttar Pradesh,Sonbhadra,2019,1079.3
Uttar Pradesh,Sonbhadra,2020,1137.8
Uttar Pradesh,Sonbhadra,2021,988.7
Uttar Pradesh,Sonbhadra,2022,984.2
Uttar Pradesh,Sonbhadra,2023,994.7
Uttar Pradesh,St Ravidasnagar,2022,925.4
Uttar Pradesh,St. Kabir Nagar,2019,1056.5
Uttar Pradesh,Sultanpur,2019,1041.0
Uttar Pradesh,Sultanpur,2021,901.7
Uttar Pradesh,Sultanpur,2022,912.3
Uttar Pradesh,Sultanpur,2023,867.5
Uttar Pradesh,Unnao,2019,997.6
Uttar Pradesh,Unnao,2021,878.8
Uttar Pradesh,Unnao,2022,821.5
Uttar Pradesh,Unnao,2023,863.8
Uttar Pradesh,Varanasi,2019,1090.5
Uttar Pradesh,Varanasi,2020,1159.1
Uttar Pradesh,Varanasi,2021,1008.5
Uttar Pradesh,Varanasi,2022,926.6
Uttar Pradesh,Varanasi,2023,976.4
Uttarakhand,Almora,2019,1215.3
Uttarakhand,Almora,2020,1233.2
Uttarakhand,Almora,2021,1169.4
Uttarakhand,Almora,2022,1040.3
Uttarakhand,Almora,2023,1124.8
Uttarakhand,Champawat,2019,1697.7
Uttarakhand,Champawat,2021,1567.0
Uttarakhand,Champawat,2022,1563.2
Uttarakhand,Champawat,2023,1498.4
Uttarakhand,Dehradun,2019,2243.3
Uttarakhand,Dehradun,2020,2282.7
Uttarakhand,Dehradun,2021,2054.4
Uttarakhand,Dehradun,2022,2064.9
Uttarakhand,Dehradun,2023,1959.2
Uttarakhand,Haridwar,2019,1294.6
Uttarakhand,Haridwar,2020,1295.7
Uttarakhand,Haridwar,2021,1125.0
Uttarakhand,Haridwar,2022,1119.3
Uttarakhand,Haridwar,2023,1062.1
Uttarakhand,Nainital,2019,2007.1
Uttarakhand,Nainital,2020,1822.6
Uttarakhand,Nainital,2021,1758.5
Uttarakhand,Nainital,2022,1638.1
Uttarakhand,Nainital,2023,1620.7
Uttarakhand,Pauri Garhwal,2019,1226.1
Uttarakhand,Pauri Garhwal,2021,1111.2
Uttarakhand,Pauri Garhwal,2022,982.8
Uttarakhand,Pauri Garhwal,2023,999.6
Uttarakhand,Tehri Garhwal,2023,1056.0
Uttarakhand,US Nagar,2020,1218.9
Uttarakhand,Udham Singh Nagar,2019,1266.4
Uttarakhand,Udham Singh Nagar,2021,1117.4
Uttarakhand,Udham Singh Nagar,2022,1080.6
Uttarakhand,Udham Singh Nagar,2023,1054.9
Uttarakhand,Uttarkashi,2019,1752.2
Uttarakhand,Uttarkashi,2020,1702.1
Uttarakhand,Uttarkashi,2021,1654.8
Uttarakhand,Uttarkashi,2022,1550.2
Uttarakhand,Uttarkashi,2023,1459.1
West Bengal,Alipurduar,2022,1678.0
West Bengal,Alipurduar,2023,1779.5
West Bengal,Bankura,2019,1464.0
West Bengal,Bankura,2020,1440.9
West Bengal,Bankura,2021,1312.0
West Bengal,Bankura,2022,1214.6
West Bengal,Bankura,2023,1234.6
West Bengal,Barddhaman,2019,1965.5
West Bengal,Birbhum,2019,1463.5
West Bengal,Birbhum,2020,1558.8
West Bengal,Birbhum,2021,1367.4
West Bengal,Birbhum,2023,1351.4
West Bengal,Cooch Behar,2022,3350.5
West Bengal,Cooch Behar,2023,3143.8
West Bengal,Dakshin Dinajpur,2019,2022.8
West Bengal,Dakshin Dinajpur,2020,1967.9
West Bengal,Dakshin Dinajpur,2021,1860.5
West Bengal,Dakshin Dinajpur,2022,1653.4
West Bengal,Dakshin Dinajpur,2023,1732.1
West Bengal,Darjeeling,2020,3435.8
West Bengal,Darjeeling,2021,3024.1
West Bengal,Darjeeling,2022,2824.9
West Bengal,Darjeeling,2023,2975.8
West Bengal,Hooghly,2022,1365.4
West Bengal,Hooghly,2023,1309.0
West Bengal,Howrah,2019,1785.5
West Bengal,Howrah,2020,1725.7
West Bengal,Howrah,2021,1617.8
West Bengal,Howrah,2022,1458.8
West Bengal,Howrah,2023,1562.7
West Bengal,Hugli,2019,1949.1
West Bengal,Hugli,2020,1947.3
West Bengal,Hugli,2021,1713.1
West Bengal,Jalpaiguri,2020,3633.6
West Bengal,Jalpaiguri,2021,3439.1
West Bengal,Jalpaiguri,2022,3184.4
West Bengal,Jalpaiguri,2023,3369.6
West Bengal,Jhargram,2022,1619.2
West Bengal,Jhargram,2023,1681.2
West Bengal,Kochbihar,2020,1941.3
West Bengal,Kochbihar,2021,1706.2
West Bengal,Kolkata,2019,1809.5
West Bengal,Kolkata,2020,1846.9
West Bengal,Kolkata,2021,1690.9
West Bengal,Kolkata,2022,1591.3
West Bengal,Kolkata,2023,1611.6
West Bengal,Malda,2019,1576.2
West Bengal,Malda,2020,1471.3
West Bengal,Malda,2021,1400.2
West Bengal,Malda,2022,1396.1
West Bengal,Malda,2023,1336.8
West Bengal,Murshidabad,2019,1557.4
West Bengal,Murshidabad,2020,1487.8
West Bengal,Murshidabad,2021,1414.9
West Bengal,Murshidabad,2022,1343.3
West Bengal,Murshidabad,2023,1310.4
West Bengal,Nadia,2019,1453.8
West Bengal,Nadia,2020,1323.7
West Bengal,Nadia,2021,1188.7
West Bengal,Nadia,2022,1217.9
West Bengal,Nadia,2023,1222.3
West Bengal,North 24 Parganas,2019,1915.8
West Bengal,North 24 Parganas,2020,1927.1
West Bengal,North 24 Parganas,2021,1705.9
West Bengal,North 24 Parganas,2022,1666.6
West Bengal,North 24 Parganas,2023,1748.3
West Bengal,Paschim Barddhaman,2020,1976.9
West Bengal,Paschim Barddhaman,2021,1765.1
West Bengal,Paschim Bardhaman,2023,1680.0
West Bengal,Paschim Medinipur,2019,1892.2
West Bengal,Paschim Medinipur,2020,1933.9
West Bengal,Paschim Medinipur,2021,1818.6
West Bengal,Paschim Medinipur,2022,1782.5
West Bengal,Paschim Medinipur,2023,1760.9
West Bengal,Purba Barddhaman,2020,1879.4
West Bengal,Purba Barddhaman,2021,1863.8
West Bengal,Purba Bardhaman,2022,1750.0
West Bengal,Purba Bardhaman,2023,1749.5
West Bengal,Purba Medinipur,2019,1983.1
West Bengal,Purba Medinipur,2020,1953.2
West Bengal,Purba Medinipur,2022,1668.3
West Bengal,Purba Medinipur,2023,1627.9
West Bengal,Purulia,2019,1458.9
West Bengal,Purulia,2020,1448.3
West Bengal,Purulia,2021,1347.5
West Bengal,Purulia,2022,1313.2
West Bengal,Purulia,2023,1278.1
West Bengal,South 24 Paraganas,2020,1886.1
West Bengal,South 24 Parganas,2019,2082.6
West Bengal,South 24 Parganas,2021,1871.7
West Bengal,South 24 Parganas,2022,1750.3
West Bengal,South 24 Parganas,2023,1785.4
West Bengal,Uttar Dinajpur,2019,2000.3
West Bengal,Uttar Dinajpur,2020,2064.7
West Bengal,Uttar Dinajpur,2021,1716.3
West Bengal,Uttar Dinajpur,2022,1678.9
West Bengal,Uttar Dinajpur,2023,1655.1
